"category","model","service","price"
"iPhone","iPhone 17","Диагностика","Бесплатно"
"","","Замена аккумулятора","4 290 ₽"
"","","Замена стекла","5 390 ₽"
"","","Замена экрана","6 290 ₽"
"","","Гидрогелевая защита","1 290 ₽"
"","","Замена задней крышки","5 290 ₽"
"","","Чистка динамика, микрофонов от пыли","590 ₽"
"","","Замена корпуса","5 290 ₽"
"","","Замена разъема зарядки","3 290 ₽"
"","","Замена динамика","3 090 ₽"
"","","Замена микрофона","3 290 ₽"
"","","Замена задней камеры","5 590 ₽"
"","","Восстановление после попадания влаги","от 5 690 ₽"
"","","Замена стекла камеры","2 290 ₽"
"","","Обновление ПО","890 ₽"
"","","Перенос данных","890 ₽"
"","","Активация и настройка Apple ID","690 ₽"
"","","Замена передней камеры","3 090 ₽"
"","","Замена кнопок громкости","3 090 ₽"
"","","Замена кнопки включения","3 090 ₽"
"","","Замена кнопки переключения вибро","3 090 ₽"
"","","Замена антенны","2 890 ₽"
"","","Замена датчика приближения","3 490 ₽"
"","","Замена вибромотора","2 890 ₽"
"","","Ремонт материнской платы","Цена по запросу"
"","","Программный ремонт","890 ₽"
"","","Замена контроллера питания","Цена по запросу"
"","","Ремонт FACE ID","Цена по запросу"
"","","Сброс пароля","890 ₽"
"","","Замена Wi-Fi модуля","Цена по запросу"
"","iPhone 17 Pro","Диагностика","Бесплатно"
"","","Замена аккумулятора","4 290 ₽"
"","","Замена стекла","5 390 ₽"
"","","Замена экрана","6 290 ₽"
"","","Гидрогелевая защита","1 290 ₽"
"","","Замена задней крышки","5 290 ₽"
"","","Чистка динамика, микрофонов от пыли","590 ₽"
"","","Замена корпуса","5 290 ₽"
"","","Замена разъема зарядки","3 290 ₽"
"","","Замена динамика","3 090 ₽"
"","","Замена микрофона","3 290 ₽"
"","","Замена задней камеры","5 590 ₽"
"","","Восстановление после попадания влаги","от 5 690 ₽"
"","","Замена стекла камеры","2 290 ₽"
"","","Обновление ПО","890 ₽"
"","","Перенос данных","890 ₽"
"","","Активация и настройка Apple ID","690 ₽"
"","","Замена передней камеры","3 090 ₽"
"","","Замена кнопок громкости","3 090 ₽"
"","","Замена кнопки включения","3 090 ₽"
"","","Замена кнопки переключения вибро","3 090 ₽"
"","","Замена антенны","2 890 ₽"
"","","Замена датчика приближения","3 490 ₽"
"","","Замена вибромотора","2 890 ₽"
"","","Ремонт материнской платы","Цена по запросу"
"","","Программный ремонт","890 ₽"
"","","Замена контроллера питания","Цена по запросу"
"","","Ремонт FACE ID","Цена по запросу"
"","","Сброс пароля","890 ₽"
"","","Замена Wi-Fi модуля","Цена по запросу"
"","iPhone 17 Pro Max","Диагностика","Бесплатно"
"","","Замена аккумулятора","4 290 ₽"
"","","Замена стекла","5 390 ₽"
"","","Замена экрана","6 290 ₽"
"","","Гидрогелевая защита","1 290 ₽"
"","","Замена задней крышки","5 290 ₽"
"","","Чистка динамика, микрофонов от пыли","590 ₽"
"","","Замена корпуса","5 290 ₽"
"","","Замена разъема зарядки","3 290 ₽"
"","","Замена динамика","3 090 ₽"
"","","Замена микрофона","3 290 ₽"
"","","Замена задней камеры","5 590 ₽"
"","","Восстановление после попадания влаги","от 5 690 ₽"
"","","Замена стекла камеры","2 290 ₽"
"","","Обновление ПО","890 ₽"
"","","Перенос данных","890 ₽"
"","","Активация и настройка Apple ID","690 ₽"
"","","Замена передней камеры","3 090 ₽"
"","","Замена кнопок громкости","3 090 ₽"
"","","Замена кнопки включения","3 090 ₽"
"","","Замена кнопки переключения вибро","3 090 ₽"
"","","Замена антенны","2 890 ₽"
"","","Замена датчика приближения","3 490 ₽"
"","","Замена вибромотора","2 890 ₽"
"","","Ремонт материнской платы","Цена по запросу"
"","","Программный ремонт","890 ₽"
"","","Замена контроллера питания","Цена по запросу"
"","","Ремонт FACE ID","Цена по запросу"
"","","Сброс пароля","890 ₽"
"","","Замена Wi-Fi модуля","Цена по запросу"
"","iPhone Air","Диагностика","Бесплатно"
"","","Замена аккумулятора","4 290 ₽"
"","","Замена стекла","5 390 ₽"
"","","Замена экрана","6 290 ₽"
"","","Гидрогелевая защита","1 290 ₽"
"","","Замена задней крышки","5 290 ₽"
"","","Чистка динамика, микрофонов от пыли","590 ₽"
"","","Замена корпуса","5 290 ₽"
"","","Замена разъема зарядки","3 290 ₽"
"","","Замена динамика","3 090 ₽"
"","","Замена микрофона","3 290 ₽"
"","","Замена задней камеры","5 590 ₽"
"","","Восстановление после попадания влаги","от 5 690 ₽"
"","","Замена стекла камеры","2 290 ₽"
"","","Обновление ПО","890 ₽"
"","","Перенос данных","890 ₽"
"","","Активация и настройка Apple ID","690 ₽"
"","","Замена передней камеры","3 090 ₽"
"","","Замена кнопок громкости","3 090 ₽"
"","","Замена кнопки включения","3 090 ₽"
"","","Замена кнопки переключения вибро","3 090 ₽"
"","","Замена антенны","2 890 ₽"
"","","Замена датчика приближения","3 490 ₽"
"","","Замена вибромотора","2 890 ₽"
"","","Ремонт материнской платы","Цена по запросу"
"","","Программный ремонт","890 ₽"
"","","Замена контроллера питания","Цена по запросу"
"","","Ремонт FACE ID","Цена по запросу"
"","","Сброс пароля","890 ₽"
"","","Замена Wi-Fi модуля","Цена по запросу"
"","iPhone 16 Plus","Диагностика","Бесплатно"
"","","Замена аккумулятора","4 290 ₽"
"","","Замена стекла","5 390 ₽"
"","","Замена экрана","6 290 ₽"
"","","Гидрогелевая защита","1 290 ₽"
"","","Замена задней крышки","5 290 ₽"
"","","Чистка динамика, микрофонов от пыли","590 ₽"
"","","Замена корпуса","5 290 ₽"
"","","Замена разъема зарядки","3 290 ₽"
"","","Замена динамика","3 090 ₽"
"","","Замена микрофона","3 290 ₽"
"","","Замена задней камеры","5 590 ₽"
"","","Восстановление после попадания влаги","от 5 690 ₽"
"","","Замена стекла камеры","2 290 ₽"
"","","Обновление ПО","890 ₽"
"","","Перенос данных","890 ₽"
"","","Активация и настройка Apple ID","690 ₽"
"","","Замена передней камеры","3 090 ₽"
"","","Замена кнопок громкости","3 090 ₽"
"","","Замена кнопки включения","3 090 ₽"
"","","Замена кнопки переключения вибро","3 090 ₽"
"","","Замена антенны","2 890 ₽"
"","","Замена датчика приближения","3 490 ₽"
"","","Замена вибромотора","2 890 ₽"
"","","Ремонт материнской платы","Цена по запросу"
"","","Программный ремонт","890 ₽"
"","","Замена контроллера питания","Цена по запросу"
"","","Ремонт FACE ID","Цена по запросу"
"","","Сброс пароля","890 ₽"
"","","Замена Wi-Fi модуля","Цена по запросу"
"","iPhone 16e","Диагностика","Бесплатно"
"","","Замена аккумулятора","4 290 ₽"
"","","Замена стекла","5 390 ₽"
"","","Замена экрана","6 290 ₽"
"","","Гидрогелевая защита","1 290 ₽"
"","","Замена задней крышки","5 290 ₽"
"","","Чистка динамика, микрофонов от пыли","590 ₽"
"","","Замена корпуса","5 290 ₽"
"","","Замена разъема зарядки","3 290 ₽"
"","","Замена динамика","3 090 ₽"
"","","Замена микрофона","3 290 ₽"
"","","Замена задней камеры","5 590 ₽"
"","","Восстановление после попадания влаги","от 5 690 ₽"
"","","Замена стекла камеры","2 290 ₽"
"","","Обновление ПО","890 ₽"
"","","Перенос данных","890 ₽"
"","","Активация и настройка Apple ID","690 ₽"
"","","Замена передней камеры","3 090 ₽"
"","","Замена кнопок громкости","3 090 ₽"
"","","Замена кнопки включения","3 090 ₽"
"","","Замена кнопки переключения вибро","3 090 ₽"
"","","Замена антенны","2 890 ₽"
"","","Замена датчика приближения","3 490 ₽"
"","","Замена вибромотора","2 890 ₽"
"","","Ремонт материнской платы","Цена по запросу"
"","","Программный ремонт","890 ₽"
"","","Замена контроллера питания","Цена по запросу"
"","","Ремонт FACE ID","Цена по запросу"
"","","Сброс пароля","890 ₽"
"","","Замена Wi-Fi модуля","Цена по запросу"
"","iPhone 16 Pro Max","Диагностика","Бесплатно"
"","","Замена аккумулятора","4 290 ₽"
"","","Замена стекла","5 390 ₽"
"","","Замена экрана","6 290 ₽"
"","","Гидрогелевая защита","1 290 ₽"
"","","Замена задней крышки","5 290 ₽"
"","","Чистка динамика, микрофонов от пыли","590 ₽"
"","","Замена корпуса","5 290 ₽"
"","","Замена разъема зарядки","3 290 ₽"
"","","Замена динамика","3 090 ₽"
"","","Замена микрофона","3 290 ₽"
"","","Замена задней камеры","5 590 ₽"
"","","Восстановление после попадания влаги","от 5 690 ₽"
"","","Замена стекла камеры","2 290 ₽"
"","","Обновление ПО","890 ₽"
"","","Перенос данных","890 ₽"
"","","Активация и настройка Apple ID","690 ₽"
"","","Замена передней камеры","3 090 ₽"
"","","Замена кнопок громкости","3 090 ₽"
"","","Замена кнопки включения","3 090 ₽"
"","","Замена кнопки переключения вибро","3 090 ₽"
"","","Замена антенны","2 890 ₽"
"","","Замена датчика приближения","3 490 ₽"
"","","Замена вибромотора","2 890 ₽"
"","","Ремонт материнской платы","Цена по запросу"
"","","Программный ремонт","890 ₽"
"","","Замена контроллера питания","Цена по запросу"
"","","Ремонт FACE ID","Цена по запросу"
"","","Сброс пароля","890 ₽"
"","","Замена Wi-Fi модуля","Цена по запросу"
"","iPhone 16 Pro","Диагностика","Бесплатно"
"","","Замена аккумулятора","4 290 ₽"
"","","Замена стекла","5 390 ₽"
"","","Замена экрана","6 290 ₽"
"","","Гидрогелевая защита","1 290 ₽"
"","","Замена задней крышки","5 290 ₽"
"","","Чистка динамика, микрофонов от пыли","590 ₽"
"","","Замена корпуса","5 290 ₽"
"","","Замена разъема зарядки","3 290 ₽"
"","","Замена динамика","3 090 ₽"
"","","Замена микрофона","3 290 ₽"
"","","Замена задней камеры","5 590 ₽"
"","","Восстановление после попадания влаги","от 5 690 ₽"
"","","Замена стекла камеры","2 290 ₽"
"","","Обновление ПО","890 ₽"
"","","Перенос данных","890 ₽"
"","","Активация и настройка Apple ID","690 ₽"
"","","Замена передней камеры","3 090 ₽"
"","","Замена кнопок громкости","3 090 ₽"
"","","Замена кнопки включения","3 090 ₽"
"","","Замена кнопки переключения вибро","3 090 ₽"
"","","Замена антенны","2 890 ₽"
"","","Замена датчика приближения","3 490 ₽"
"","","Замена вибромотора","2 890 ₽"
"","","Ремонт материнской платы","Цена по запросу"
"","","Программный ремонт","890 ₽"
"","","Замена контроллера питания","Цена по запросу"
"","","Ремонт FACE ID","Цена по запросу"
"","","Сброс пароля","890 ₽"
"","","Замена Wi-Fi модуля","Цена по запросу"
"","iPhone 16","Диагностика","Бесплатно"
"","","Замена аккумулятора","4 290 ₽"
"","","Замена стекла","5 390 ₽"
"","","Замена экрана","6 290 ₽"
"","","Гидрогелевая защита","1 290 ₽"
"","","Замена задней крышки","5 290 ₽"
"","","Чистка динамика, микрофонов от пыли","590 ₽"
"","","Замена корпуса","5 290 ₽"
"","","Замена разъема зарядки","3 290 ₽"
"","","Замена динамика","3 090 ₽"
"","","Замена микрофона","3 290 ₽"
"","","Замена задней камеры","5 590 ₽"
"","","Восстановление после попадания влаги","от 5 690 ₽"
"","","Замена стекла камеры","2 290 ₽"
"","","Обновление ПО","890 ₽"
"","","Перенос данных","890 ₽"
"","","Активация и настройка Apple ID","690 ₽"
"","","Замена передней камеры","3 090 ₽"
"","","Замена кнопок громкости","3 090 ₽"
"","","Замена кнопки включения","3 090 ₽"
"","","Замена кнопки переключения вибро","3 090 ₽"
"","","Замена антенны","2 890 ₽"
"","","Замена датчика приближения","3 490 ₽"
"","","Замена вибромотора","2 890 ₽"
"","","Ремонт материнской платы","Цена по запросу"
"","","Программный ремонт","890 ₽"
"","","Замена контроллера питания","Цена по запросу"
"","","Ремонт FACE ID","Цена по запросу"
"","","Сброс пароля","890 ₽"
"","","Замена Wi-Fi модуля","Цена по запросу"
"","iPhone 15 Pro","Диагностика","Бесплатно"
"","","Замена аккумулятора","4 290 ₽"
"","","Замена стекла","5 390 ₽"
"","","Замена экрана","6 290 ₽"
"","","Гидрогелевая защита","1 290 ₽"
"","","Замена задней крышки","5 290 ₽"
"","","Чистка динамика, микрофонов от пыли","590 ₽"
"","","Замена корпуса","5 290 ₽"
"","","Замена разъема зарядки","3 290 ₽"
"","","Замена динамика","3 090 ₽"
"","","Замена микрофона","3 290 ₽"
"","","Замена задней камеры","5 590 ₽"
"","","Восстановление после попадания влаги","от 5 690 ₽"
"","","Замена стекла камеры","2 290 ₽"
"","","Обновление ПО","890 ₽"
"","","Перенос данных","890 ₽"
"","","Активация и настройка Apple ID","690 ₽"
"","","Замена передней камеры","3 090 ₽"
"","","Замена кнопок громкости","3 090 ₽"
"","","Замена кнопки включения","3 090 ₽"
"","","Замена кнопки переключения вибро","3 090 ₽"
"","","Замена антенны","2 890 ₽"
"","","Замена датчика приближения","3 490 ₽"
"","","Замена вибромотора","2 890 ₽"
"","","Ремонт материнской платы","Цена по запросу"
"","","Программный ремонт","890 ₽"
"","","Замена контроллера питания","Цена по запросу"
"","","Ремонт FACE ID","Цена по запросу"
"","","Сброс пароля","890 ₽"
"","","Замена Wi-Fi модуля","Цена по запросу"
"","iPhone 15 Pro Max","Диагностика","Бесплатно"
"","","Замена аккумулятора","4 290 ₽"
"","","Замена стекла","5 390 ₽"
"","","Замена экрана","6 290 ₽"
"","","Гидрогелевая защита","1 290 ₽"
"","","Замена задней крышки","5 290 ₽"
"","","Чистка динамика, микрофонов от пыли","590 ₽"
"","","Замена корпуса","5 290 ₽"
"","","Замена разъема зарядки","3 290 ₽"
"","","Замена динамика","3 090 ₽"
"","","Замена микрофона","3 290 ₽"
"","","Замена задней камеры","5 590 ₽"
"","","Восстановление после попадания влаги","от 5 690 ₽"
"","","Замена стекла камеры","2 290 ₽"
"","","Обновление ПО","890 ₽"
"","","Перенос данных","890 ₽"
"","","Активация и настройка Apple ID","690 ₽"
"","","Замена передней камеры","3 090 ₽"
"","","Замена кнопок громкости","3 090 ₽"
"","","Замена кнопки включения","3 090 ₽"
"","","Замена кнопки переключения вибро","3 090 ₽"
"","","Замена антенны","2 890 ₽"
"","","Замена датчика приближения","3 490 ₽"
"","","Замена вибромотора","2 890 ₽"
"","","Ремонт материнской платы","Цена по запросу"
"","","Программный ремонт","890 ₽"
"","","Замена контроллера питания","Цена по запросу"
"","","Ремонт FACE ID","Цена по запросу"
"","","Сброс пароля","890 ₽"
"","","Замена Wi-Fi модуля","Цена по запросу"
"","iPhone 15 Plus","Диагностика","Бесплатно"
"","","Замена аккумулятора","4 290 ₽"
"","","Замена стекла","5 390 ₽"
"","","Замена экрана","6 290 ₽"
"","","Гидрогелевая защита","1 290 ₽"
"","","Замена задней крышки","5 290 ₽"
"","","Чистка динамика, микрофонов от пыли","590 ₽"
"","","Замена корпуса","5 290 ₽"
"","","Замена разъема зарядки","3 290 ₽"
"","","Замена динамика","3 090 ₽"
"","","Замена микрофона","3 290 ₽"
"","","Замена задней камеры","5 590 ₽"
"","","Восстановление после попадания влаги","от 5 690 ₽"
"","","Замена стекла камеры","2 290 ₽"
"","","Обновление ПО","890 ₽"
"","","Перенос данных","890 ₽"
"","","Активация и настройка Apple ID","690 ₽"
"","","Замена передней камеры","3 090 ₽"
"","","Замена кнопок громкости","3 090 ₽"
"","","Замена кнопки включения","3 090 ₽"
"","","Замена кнопки переключения вибро","3 090 ₽"
"","","Замена антенны","2 890 ₽"
"","","Замена датчика приближения","3 490 ₽"
"","","Замена вибромотора","2 890 ₽"
"","","Ремонт материнской платы","Цена по запросу"
"","","Программный ремонт","890 ₽"
"","","Замена контроллера питания","Цена по запросу"
"","","Ремонт FACE ID","Цена по запросу"
"","","Сброс пароля","890 ₽"
"","","Замена Wi-Fi модуля","Цена по запросу"
"","iPhone 15","Диагностика","Бесплатно"
"","","Замена аккумулятора","4 290 ₽"
"","","Замена стекла","5 390 ₽"
"","","Замена экрана","6 290 ₽"
"","","Гидрогелевая защита","1 290 ₽"
"","","Замена задней крышки","5 290 ₽"
"","","Чистка динамика, микрофонов от пыли","590 ₽"
"","","Замена корпуса","5 290 ₽"
"","","Замена разъема зарядки","3 290 ₽"
"","","Замена динамика","3 090 ₽"
"","","Замена микрофона","3 290 ₽"
"","","Замена задней камеры","5 590 ₽"
"","","Восстановление после попадания влаги","от 5 690 ₽"
"","","Замена стекла камеры","2 290 ₽"
"","","Обновление ПО","890 ₽"
"","","Перенос данных","890 ₽"
"","","Активация и настройка Apple ID","690 ₽"
"","","Замена передней камеры","3 090 ₽"
"","","Замена кнопок громкости","3 090 ₽"
"","","Замена кнопки включения","3 090 ₽"
"","","Замена кнопки переключения вибро","3 090 ₽"
"","","Замена антенны","2 890 ₽"
"","","Замена датчика приближения","3 490 ₽"
"","","Замена вибромотора","2 890 ₽"
"","","Ремонт материнской платы","Цена по запросу"
"","","Программный ремонт","890 ₽"
"","","Замена контроллера питания","Цена по запросу"
"","","Ремонт FACE ID","Цена по запросу"
"","","Сброс пароля","890 ₽"
"","","Замена Wi-Fi модуля","Цена по запросу"
"","iPhone 14 Pro Max","Диагностика","Бесплатно"
"","","Замена аккумулятора","4 290 ₽"
"","","Замена стекла","5 390 ₽"
"","","Замена экрана","6 290 ₽"
"","","Гидрогелевая защита","1 290 ₽"
"","","Замена задней крышки","5 290 ₽"
"","","Чистка динамика, микрофонов от пыли","590 ₽"
"","","Замена корпуса","5 290 ₽"
"","","Замена разъема зарядки","3 290 ₽"
"","","Замена динамика","3 090 ₽"
"","","Замена микрофона","3 290 ₽"
"","","Замена задней камеры","5 590 ₽"
"","","Восстановление после попадания влаги","от 5 690 ₽"
"","","Замена стекла камеры","2 290 ₽"
"","","Обновление ПО","890 ₽"
"","","Перенос данных","890 ₽"
"","","Активация и настройка Apple ID","690 ₽"
"","","Замена передней камеры","3 090 ₽"
"","","Замена кнопок громкости","3 090 ₽"
"","","Замена кнопки включения","3 090 ₽"
"","","Замена кнопки переключения вибро","3 090 ₽"
"","","Замена антенны","2 890 ₽"
"","","Замена датчика приближения","3 490 ₽"
"","","Замена вибромотора","2 890 ₽"
"","","Ремонт материнской платы","Цена по запросу"
"","","Программный ремонт","890 ₽"
"","","Замена контроллера питания","Цена по запросу"
"","","Ремонт FACE ID","Цена по запросу"
"","","Сброс пароля","890 ₽"
"","","Замена Wi-Fi модуля","Цена по запросу"
"","iPhone 14 Pro","Диагностика","Бесплатно"
"","","Замена аккумулятора","4 290 ₽"
"","","Замена стекла","5 390 ₽"
"","","Замена экрана","6 290 ₽"
"","","Гидрогелевая защита","1 290 ₽"
"","","Замена задней крышки","5 290 ₽"
"","","Чистка динамика, микрофонов от пыли","590 ₽"
"","","Замена корпуса","5 290 ₽"
"","","Замена разъема зарядки","3 290 ₽"
"","","Замена динамика","3 090 ₽"
"","","Замена микрофона","3 290 ₽"
"","","Замена задней камеры","5 590 ₽"
"","","Восстановление после попадания влаги","от 5 690 ₽"
"","","Замена стекла камеры","2 290 ₽"
"","","Обновление ПО","890 ₽"
"","","Перенос данных","890 ₽"
"","","Активация и настройка Apple ID","690 ₽"
"","","Замена передней камеры","3 090 ₽"
"","","Замена кнопок громкости","3 090 ₽"
"","","Замена кнопки включения","3 090 ₽"
"","","Замена кнопки переключения вибро","3 090 ₽"
"","","Замена антенны","2 890 ₽"
"","","Замена датчика приближения","3 490 ₽"
"","","Замена вибромотора","2 890 ₽"
"","","Ремонт материнской платы","Цена по запросу"
"","","Программный ремонт","890 ₽"
"","","Замена контроллера питания","Цена по запросу"
"","","Ремонт FACE ID","Цена по запросу"
"","","Сброс пароля","890 ₽"
"","","Замена Wi-Fi модуля","Цена по запросу"
"","iPhone 14 Plus","Диагностика","Бесплатно"
"","","Замена аккумулятора","4 290 ₽"
"","","Замена стекла","5 390 ₽"
"","","Замена экрана","6 290 ₽"
"","","Гидрогелевая защита","1 290 ₽"
"","","Замена задней крышки","5 290 ₽"
"","","Чистка динамика, микрофонов от пыли","590 ₽"
"","","Замена корпуса","5 290 ₽"
"","","Замена разъема зарядки","3 290 ₽"
"","","Замена динамика","3 090 ₽"
"","","Замена микрофона","3 290 ₽"
"","","Замена задней камеры","5 590 ₽"
"","","Восстановление после попадания влаги","от 5 690 ₽"
"","","Замена стекла камеры","2 290 ₽"
"","","Обновление ПО","890 ₽"
"","","Перенос данных","890 ₽"
"","","Активация и настройка Apple ID","690 ₽"
"","","Замена передней камеры","3 090 ₽"
"","","Замена кнопок громкости","3 090 ₽"
"","","Замена кнопки включения","3 090 ₽"
"","","Замена кнопки переключения вибро","3 090 ₽"
"","","Замена антенны","2 890 ₽"
"","","Замена датчика приближения","3 490 ₽"
"","","Замена вибромотора","2 890 ₽"
"","","Ремонт материнской платы","Цена по запросу"
"","","Программный ремонт","890 ₽"
"","","Замена контроллера питания","Цена по запросу"
"","","Ремонт FACE ID","Цена по запросу"
"","","Сброс пароля","890 ₽"
"","","Замена Wi-Fi модуля","Цена по запросу"
"","iPhone 14","Диагностика","Бесплатно"
"","","Замена аккумулятора","4 290 ₽"
"","","Замена стекла","5 390 ₽"
"","","Замена экрана","6 290 ₽"
"","","Гидрогелевая защита","1 290 ₽"
"","","Замена задней крышки","5 290 ₽"
"","","Чистка динамика, микрофонов от пыли","590 ₽"
"","","Замена корпуса","5 290 ₽"
"","","Замена разъема зарядки","3 290 ₽"
"","","Замена динамика","3 090 ₽"
"","","Замена микрофона","3 290 ₽"
"","","Замена задней камеры","5 590 ₽"
"","","Восстановление после попадания влаги","от 5 690 ₽"
"","","Замена стекла камеры","2 290 ₽"
"","","Обновление ПО","890 ₽"
"","","Перенос данных","890 ₽"
"","","Активация и настройка Apple ID","690 ₽"
"","","Замена передней камеры","3 090 ₽"
"","","Замена кнопок громкости","3 090 ₽"
"","","Замена кнопки включения","3 090 ₽"
"","","Замена кнопки переключения вибро","3 090 ₽"
"","","Замена антенны","2 890 ₽"
"","","Замена датчика приближения","3 490 ₽"
"","","Замена вибромотора","2 890 ₽"
"","","Ремонт материнской платы","Цена по запросу"
"","","Программный ремонт","890 ₽"
"","","Замена контроллера питания","Цена по запросу"
"","","Ремонт FACE ID","Цена по запросу"
"","","Сброс пароля","890 ₽"
"","","Замена Wi-Fi модуля","Цена по запросу"
"","iPhone 13 Pro","Диагностика","Бесплатно"
"","","Замена аккумулятора","4 290 ₽"
"","","Замена стекла","5 390 ₽"
"","","Замена экрана","6 290 ₽"
"","","Гидрогелевая защита","1 290 ₽"
"","","Замена задней крышки","5 290 ₽"
"","","Чистка динамика, микрофонов от пыли","590 ₽"
"","","Замена корпуса","5 290 ₽"
"","","Замена разъема зарядки","3 290 ₽"
"","","Замена динамика","3 090 ₽"
"","","Замена микрофона","3 290 ₽"
"","","Замена задней камеры","5 590 ₽"
"","","Восстановление после попадания влаги","от 5 690 ₽"
"","","Замена стекла камеры","2 290 ₽"
"","","Обновление ПО","890 ₽"
"","","Перенос данных","890 ₽"
"","","Активация и настройка Apple ID","690 ₽"
"","","Замена передней камеры","3 090 ₽"
"","","Замена кнопок громкости","3 090 ₽"
"","","Замена кнопки включения","3 090 ₽"
"","","Замена кнопки переключения вибро","3 090 ₽"
"","","Замена антенны","2 890 ₽"
"","","Замена датчика приближения","3 490 ₽"
"","","Замена вибромотора","2 890 ₽"
"","","Ремонт материнской платы","Цена по запросу"
"","","Программный ремонт","890 ₽"
"","","Замена контроллера питания","Цена по запросу"
"","","Ремонт FACE ID","Цена по запросу"
"","","Сброс пароля","890 ₽"
"","","Замена Wi-Fi модуля","Цена по запросу"
"","iPhone 13 Pro Max","Диагностика","Бесплатно"
"","","Замена аккумулятора","4 290 ₽"
"","","Замена стекла","5 390 ₽"
"","","Замена экрана","6 290 ₽"
"","","Гидрогелевая защита","1 290 ₽"
"","","Замена задней крышки","5 290 ₽"
"","","Чистка динамика, микрофонов от пыли","590 ₽"
"","","Замена корпуса","5 290 ₽"
"","","Замена разъема зарядки","3 290 ₽"
"","","Замена динамика","3 090 ₽"
"","","Замена микрофона","3 290 ₽"
"","","Замена задней камеры","5 590 ₽"
"","","Восстановление после попадания влаги","от 5 690 ₽"
"","","Замена стекла камеры","2 290 ₽"
"","","Обновление ПО","890 ₽"
"","","Перенос данных","890 ₽"
"","","Активация и настройка Apple ID","690 ₽"
"","","Замена передней камеры","3 090 ₽"
"","","Замена кнопок громкости","3 090 ₽"
"","","Замена кнопки включения","3 090 ₽"
"","","Замена кнопки переключения вибро","3 090 ₽"
"","","Замена антенны","2 890 ₽"
"","","Замена датчика приближения","3 490 ₽"
"","","Замена вибромотора","2 890 ₽"
"","","Ремонт материнской платы","Цена по запросу"
"","","Программный ремонт","890 ₽"
"","","Замена контроллера питания","Цена по запросу"
"","","Ремонт FACE ID","Цена по запросу"
"","","Сброс пароля","890 ₽"
"","","Замена Wi-Fi модуля","Цена по запросу"
"","iPhone 13 mini","Диагностика","Бесплатно"
"","","Замена аккумулятора","4 290 ₽"
"","","Замена стекла","5 390 ₽"
"","","Замена экрана","6 290 ₽"
"","","Гидрогелевая защита","1 290 ₽"
"","","Замена задней крышки","5 290 ₽"
"","","Чистка динамика, микрофонов от пыли","590 ₽"
"","","Замена корпуса","5 290 ₽"
"","","Замена разъема зарядки","3 290 ₽"
"","","Замена динамика","3 090 ₽"
"","","Замена микрофона","3 290 ₽"
"","","Замена задней камеры","5 590 ₽"
"","","Восстановление после попадания влаги","от 5 690 ₽"
"","","Замена стекла камеры","2 290 ₽"
"","","Обновление ПО","890 ₽"
"","","Перенос данных","890 ₽"
"","","Активация и настройка Apple ID","690 ₽"
"","","Замена передней камеры","3 090 ₽"
"","","Замена кнопок громкости","3 090 ₽"
"","","Замена кнопки включения","3 090 ₽"
"","","Замена кнопки переключения вибро","3 090 ₽"
"","","Замена антенны","2 890 ₽"
"","","Замена датчика приближения","3 490 ₽"
"","","Замена вибромотора","2 890 ₽"
"","","Ремонт материнской платы","Цена по запросу"
"","","Программный ремонт","890 ₽"
"","","Замена контроллера питания","Цена по запросу"
"","","Ремонт FACE ID","Цена по запросу"
"","","Сброс пароля","890 ₽"
"","","Замена Wi-Fi модуля","Цена по запросу"
"","iPhone 13","Диагностика","Бесплатно"
"","","Замена аккумулятора","4 290 ₽"
"","","Замена стекла","5 390 ₽"
"","","Замена экрана","6 290 ₽"
"","","Гидрогелевая защита","1 290 ₽"
"","","Замена задней крышки","5 290 ₽"
"","","Чистка динамика, микрофонов от пыли","590 ₽"
"","","Замена корпуса","5 290 ₽"
"","","Замена разъема зарядки","3 290 ₽"
"","","Замена динамика","3 090 ₽"
"","","Замена микрофона","3 290 ₽"
"","","Замена задней камеры","5 590 ₽"
"","","Восстановление после попадания влаги","от 5 690 ₽"
"","","Замена стекла камеры","2 290 ₽"
"","","Обновление ПО","890 ₽"
"","","Перенос данных","890 ₽"
"","","Активация и настройка Apple ID","690 ₽"
"","","Замена передней камеры","3 090 ₽"
"","","Замена кнопок громкости","3 090 ₽"
"","","Замена кнопки включения","3 090 ₽"
"","","Замена кнопки переключения вибро","3 090 ₽"
"","","Замена антенны","2 890 ₽"
"","","Замена датчика приближения","3 490 ₽"
"","","Замена вибромотора","2 890 ₽"
"","","Ремонт материнской платы","Цена по запросу"
"","","Программный ремонт","890 ₽"
"","","Замена контроллера питания","Цена по запросу"
"","","Ремонт FACE ID","Цена по запросу"
"","","Сброс пароля","890 ₽"
"","","Замена Wi-Fi модуля","Цена по запросу"
"","iPhone 12 Pro Max","Диагностика","Бесплатно"
"","","Замена аккумулятора","4 290 ₽"
"","","Замена стекла","5 390 ₽"
"","","Замена экрана","6 290 ₽"
"","","Гидрогелевая защита","1 290 ₽"
"","","Замена задней крышки","5 290 ₽"
"","","Чистка динамика, микрофонов от пыли","590 ₽"
"","","Замена корпуса","5 290 ₽"
"","","Замена разъема зарядки","3 290 ₽"
"","","Замена динамика","3 090 ₽"
"","","Замена микрофона","3 290 ₽"
"","","Замена задней камеры","5 590 ₽"
"","","Восстановление после попадания влаги","от 5 690 ₽"
"","","Замена стекла камеры","2 290 ₽"
"","","Обновление ПО","890 ₽"
"","","Перенос данных","890 ₽"
"","","Активация и настройка Apple ID","690 ₽"
"","","Замена передней камеры","3 090 ₽"
"","","Замена кнопок громкости","3 090 ₽"
"","","Замена кнопки включения","3 090 ₽"
"","","Замена кнопки переключения вибро","3 090 ₽"
"","","Замена антенны","2 890 ₽"
"","","Замена датчика приближения","3 490 ₽"
"","","Замена вибромотора","2 890 ₽"
"","","Ремонт материнской платы","Цена по запросу"
"","","Программный ремонт","890 ₽"
"","","Замена контроллера питания","Цена по запросу"
"","","Ремонт FACE ID","Цена по запросу"
"","","Сброс пароля","890 ₽"
"","","Замена Wi-Fi модуля","Цена по запросу"
"","iPhone 12 Pro","Диагностика","Бесплатно"
"","","Замена аккумулятора","4 290 ₽"
"","","Замена стекла","5 390 ₽"
"","","Замена экрана","6 290 ₽"
"","","Гидрогелевая защита","1 290 ₽"
"","","Замена задней крышки","5 290 ₽"
"","","Чистка динамика, микрофонов от пыли","590 ₽"
"","","Замена корпуса","5 290 ₽"
"","","Замена разъема зарядки","3 290 ₽"
"","","Замена динамика","3 090 ₽"
"","","Замена микрофона","3 290 ₽"
"","","Замена задней камеры","5 590 ₽"
"","","Восстановление после попадания влаги","от 5 690 ₽"
"","","Замена стекла камеры","2 290 ₽"
"","","Обновление ПО","890 ₽"
"","","Перенос данных","890 ₽"
"","","Активация и настройка Apple ID","690 ₽"
"","","Замена передней камеры","3 090 ₽"
"","","Замена кнопок громкости","3 090 ₽"
"","","Замена кнопки включения","3 090 ₽"
"","","Замена кнопки переключения вибро","3 090 ₽"
"","","Замена антенны","2 890 ₽"
"","","Замена датчика приближения","3 490 ₽"
"","","Замена вибромотора","2 890 ₽"
"","","Ремонт материнской платы","Цена по запросу"
"","","Программный ремонт","890 ₽"
"","","Замена контроллера питания","Цена по запросу"
"","","Ремонт FACE ID","Цена по запросу"
"","","Сброс пароля","890 ₽"
"","","Замена Wi-Fi модуля","Цена по запросу"
"","iPhone 12 mini","Диагностика","Бесплатно"
"","","Замена аккумулятора","4 290 ₽"
"","","Замена стекла","5 390 ₽"
"","","Замена экрана","6 290 ₽"
"","","Гидрогелевая защита","1 290 ₽"
"","","Замена задней крышки","5 290 ₽"
"","","Чистка динамика, микрофонов от пыли","590 ₽"
"","","Замена корпуса","5 290 ₽"
"","","Замена разъема зарядки","3 290 ₽"
"","","Замена динамика","3 090 ₽"
"","","Замена микрофона","3 290 ₽"
"","","Замена задней камеры","5 590 ₽"
"","","Восстановление после попадания влаги","от 5 690 ₽"
"","","Замена стекла камеры","2 290 ₽"
"","","Обновление ПО","890 ₽"
"","","Перенос данных","890 ₽"
"","","Активация и настройка Apple ID","690 ₽"
"","","Замена передней камеры","3 090 ₽"
"","","Замена кнопок громкости","3 090 ₽"
"","","Замена кнопки включения","3 090 ₽"
"","","Замена кнопки переключения вибро","3 090 ₽"
"","","Замена антенны","2 890 ₽"
"","","Замена датчика приближения","3 490 ₽"
"","","Замена вибромотора","2 890 ₽"
"","","Ремонт материнской платы","Цена по запросу"
"","","Программный ремонт","890 ₽"
"","","Замена контроллера питания","Цена по запросу"
"","","Ремонт FACE ID","Цена по запросу"
"","","Сброс пароля","890 ₽"
"","","Замена Wi-Fi модуля","Цена по запросу"
"","iPhone 12","Диагностика","Бесплатно"
"","","Замена аккумулятора","4 290 ₽"
"","","Замена стекла","5 390 ₽"
"","","Замена экрана","6 290 ₽"
"","","Гидрогелевая защита","1 290 ₽"
"","","Замена задней крышки","5 290 ₽"
"","","Чистка динамика, микрофонов от пыли","590 ₽"
"","","Замена корпуса","5 290 ₽"
"","","Замена разъема зарядки","3 290 ₽"
"","","Замена динамика","3 090 ₽"
"","","Замена микрофона","3 290 ₽"
"","","Замена задней камеры","5 590 ₽"
"","","Восстановление после попадания влаги","от 5 690 ₽"
"","","Замена стекла камеры","2 290 ₽"
"","","Обновление ПО","890 ₽"
"","","Перенос данных","890 ₽"
"","","Активация и настройка Apple ID","690 ₽"
"","","Замена передней камеры","3 090 ₽"
"","","Замена кнопок громкости","3 090 ₽"
"","","Замена кнопки включения","3 090 ₽"
"","","Замена кнопки переключения вибро","3 090 ₽"
"","","Замена антенны","2 890 ₽"
"","","Замена датчика приближения","3 490 ₽"
"","","Замена вибромотора","2 890 ₽"
"","","Ремонт материнской платы","Цена по запросу"
"","","Программный ремонт","890 ₽"
"","","Замена контроллера питания","Цена по запросу"
"","","Ремонт FACE ID","Цена по запросу"
"","","Сброс пароля","890 ₽"
"","","Замена Wi-Fi модуля","Цена по запросу"
"","iPhone 11 Pro Max","Диагностика","Бесплатно"
"","","Замена аккумулятора","4 290 ₽"
"","","Замена стекла","5 390 ₽"
"","","Замена экрана","6 290 ₽"
"","","Гидрогелевая защита","1 290 ₽"
"","","Замена задней крышки","5 290 ₽"
"","","Чистка динамика, микрофонов от пыли","590 ₽"
"","","Замена корпуса","5 290 ₽"
"","","Замена разъема зарядки","3 290 ₽"
"","","Замена динамика","3 090 ₽"
"","","Замена микрофона","3 290 ₽"
"","","Замена задней камеры","5 590 ₽"
"","","Восстановление после попадания влаги","от 5 690 ₽"
"","","Замена стекла камеры","2 290 ₽"
"","","Обновление ПО","890 ₽"
"","","Перенос данных","890 ₽"
"","","Активация и настройка Apple ID","690 ₽"
"","","Замена передней камеры","3 090 ₽"
"","","Замена кнопок громкости","3 090 ₽"
"","","Замена кнопки включения","3 090 ₽"
"","","Замена кнопки переключения вибро","3 090 ₽"
"","","Замена антенны","2 890 ₽"
"","","Замена датчика приближения","3 490 ₽"
"","","Замена вибромотора","2 890 ₽"
"","","Ремонт материнской платы","Цена по запросу"
"","","Программный ремонт","890 ₽"
"","","Замена контроллера питания","Цена по запросу"
"","","Ремонт FACE ID","Цена по запросу"
"","","Сброс пароля","890 ₽"
"","","Замена Wi-Fi модуля","Цена по запросу"
"","iPhone 11 Pro","Диагностика","Бесплатно"
"","","Замена аккумулятора","4 290 ₽"
"","","Замена стекла","5 390 ₽"
"","","Замена экрана","6 290 ₽"
"","","Гидрогелевая защита","1 290 ₽"
"","","Замена задней крышки","5 290 ₽"
"","","Чистка динамика, микрофонов от пыли","590 ₽"
"","","Замена корпуса","5 290 ₽"
"","","Замена разъема зарядки","3 290 ₽"
"","","Замена динамика","3 090 ₽"
"","","Замена микрофона","3 290 ₽"
"","","Замена задней камеры","5 590 ₽"
"","","Восстановление после попадания влаги","от 5 690 ₽"
"","","Замена стекла камеры","2 290 ₽"
"","","Обновление ПО","890 ₽"
"","","Перенос данных","890 ₽"
"","","Активация и настройка Apple ID","690 ₽"
"","","Замена передней камеры","3 090 ₽"
"","","Замена кнопок громкости","3 090 ₽"
"","","Замена кнопки включения","3 090 ₽"
"","","Замена кнопки переключения вибро","3 090 ₽"
"","","Замена антенны","2 890 ₽"
"","","Замена датчика приближения","3 490 ₽"
"","","Замена вибромотора","2 890 ₽"
"","","Ремонт материнской платы","Цена по запросу"
"","","Программный ремонт","890 ₽"
"","","Замена контроллера питания","Цена по запросу"
"","","Ремонт FACE ID","Цена по запросу"
"","","Сброс пароля","890 ₽"
"","","Замена Wi-Fi модуля","Цена по запросу"
"","iPhone 11","Диагностика","Бесплатно"
"","","Замена аккумулятора","4 290 ₽"
"","","Замена стекла","5 390 ₽"
"","","Замена экрана","6 290 ₽"
"","","Гидрогелевая защита","1 290 ₽"
"","","Замена задней крышки","5 290 ₽"
"","","Чистка динамика, микрофонов от пыли","590 ₽"
"","","Замена корпуса","5 290 ₽"
"","","Замена разъема зарядки","3 290 ₽"
"","","Замена динамика","3 090 ₽"
"","","Замена микрофона","3 290 ₽"
"","","Замена задней камеры","5 590 ₽"
"","","Восстановление после попадания влаги","от 5 690 ₽"
"","","Замена стекла камеры","2 290 ₽"
"","","Обновление ПО","890 ₽"
"","","Перенос данных","890 ₽"
"","","Активация и настройка Apple ID","690 ₽"
"","","Замена передней камеры","3 090 ₽"
"","","Замена кнопок громкости","3 090 ₽"
"","","Замена кнопки включения","3 090 ₽"
"","","Замена кнопки переключения вибро","3 090 ₽"
"","","Замена антенны","2 890 ₽"
"","","Замена датчика приближения","3 490 ₽"
"","","Замена вибромотора","2 890 ₽"
"","","Ремонт материнской платы","Цена по запросу"
"","","Программный ремонт","890 ₽"
"","","Замена контроллера питания","Цена по запросу"
"","","Ремонт FACE ID","Цена по запросу"
"","","Сброс пароля","890 ₽"
"","","Замена Wi-Fi модуля","Цена по запросу"
"","iPhone XS Max","Диагностика","Бесплатно"
"","","Замена аккумулятора","4 290 ₽"
"","","Замена стекла","5 390 ₽"
"","","Замена экрана","6 290 ₽"
"","","Гидрогелевая защита","1 290 ₽"
"","","Замена задней крышки","5 290 ₽"
"","","Чистка динамика, микрофонов от пыли","590 ₽"
"","","Замена корпуса","5 290 ₽"
"","","Замена разъема зарядки","3 290 ₽"
"","","Замена динамика","3 090 ₽"
"","","Замена микрофона","3 290 ₽"
"","","Замена задней камеры","5 590 ₽"
"","","Восстановление после попадания влаги","от 5 690 ₽"
"","","Замена стекла камеры","2 290 ₽"
"","","Обновление ПО","890 ₽"
"","","Перенос данных","890 ₽"
"","","Активация и настройка Apple ID","690 ₽"
"","","Замена передней камеры","3 090 ₽"
"","","Замена кнопок громкости","3 090 ₽"
"","","Замена кнопки включения","3 090 ₽"
"","","Замена кнопки переключения вибро","3 090 ₽"
"","","Замена антенны","2 890 ₽"
"","","Замена датчика приближения","3 490 ₽"
"","","Замена вибромотора","2 890 ₽"
"","","Ремонт материнской платы","Цена по запросу"
"","","Программный ремонт","890 ₽"
"","","Замена контроллера питания","Цена по запросу"
"","","Ремонт FACE ID","Цена по запросу"
"","","Сброс пароля","890 ₽"
"","","Замена Wi-Fi модуля","Цена по запросу"
"","iPhone XS","Диагностика","Бесплатно"
"","","Замена аккумулятора","4 290 ₽"
"","","Замена стекла","5 390 ₽"
"","","Замена экрана","6 290 ₽"
"","","Гидрогелевая защита","1 290 ₽"
"","","Замена задней крышки","5 290 ₽"
"","","Чистка динамика, микрофонов от пыли","590 ₽"
"","","Замена корпуса","5 290 ₽"
"","","Замена разъема зарядки","3 290 ₽"
"","","Замена динамика","3 090 ₽"
"","","Замена микрофона","3 290 ₽"
"","","Замена задней камеры","5 590 ₽"
"","","Восстановление после попадания влаги","от 5 690 ₽"
"","","Замена стекла камеры","2 290 ₽"
"","","Обновление ПО","890 ₽"
"","","Перенос данных","890 ₽"
"","","Активация и настройка Apple ID","690 ₽"
"","","Замена передней камеры","3 090 ₽"
"","","Замена кнопок громкости","3 090 ₽"
"","","Замена кнопки включения","3 090 ₽"
"","","Замена кнопки переключения вибро","3 090 ₽"
"","","Замена антенны","2 890 ₽"
"","","Замена датчика приближения","3 490 ₽"
"","","Замена вибромотора","2 890 ₽"
"","","Ремонт материнской платы","Цена по запросу"
"","","Программный ремонт","890 ₽"
"","","Замена контроллера питания","Цена по запросу"
"","","Ремонт FACE ID","Цена по запросу"
"","","Сброс пароля","890 ₽"
"","","Замена Wi-Fi модуля","Цена по запросу"
"","iPhone X","Диагностика","Бесплатно"
"","","Замена аккумулятора","4 290 ₽"
"","","Замена стекла","5 390 ₽"
"","","Замена экрана","6 290 ₽"
"","","Гидрогелевая защита","1 290 ₽"
"","","Замена задней крышки","5 290 ₽"
"","","Чистка динамика, микрофонов от пыли","590 ₽"
"","","Замена корпуса","5 290 ₽"
"","","Замена разъема зарядки","3 290 ₽"
"","","Замена динамика","3 090 ₽"
"","","Замена микрофона","3 290 ₽"
"","","Замена задней камеры","5 590 ₽"
"","","Восстановление после попадания влаги","от 5 690 ₽"
"","","Замена стекла камеры","2 290 ₽"
"","","Обновление ПО","890 ₽"
"","","Перенос данных","890 ₽"
"","","Активация и настройка Apple ID","690 ₽"
"","","Замена передней камеры","3 090 ₽"
"","","Замена кнопок громкости","3 090 ₽"
"","","Замена кнопки включения","3 090 ₽"
"","","Замена кнопки переключения вибро","3 090 ₽"
"","","Замена антенны","2 890 ₽"
"","","Замена датчика приближения","3 490 ₽"
"","","Замена вибромотора","2 890 ₽"
"","","Ремонт материнской платы","Цена по запросу"
"","","Программный ремонт","890 ₽"
"","","Замена контроллера питания","Цена по запросу"
"","","Ремонт FACE ID","Цена по запросу"
"","","Сброс пароля","890 ₽"
"","","Замена Wi-Fi модуля","Цена по запросу"
"","iPhone XR","Диагностика","Бесплатно"
"","","Замена аккумулятора","4 290 ₽"
"","","Замена стекла","5 390 ₽"
"","","Замена экрана","6 290 ₽"
"","","Гидрогелевая защита","1 290 ₽"
"","","Замена задней крышки","5 290 ₽"
"","","Чистка динамика, микрофонов от пыли","590 ₽"
"","","Замена корпуса","5 290 ₽"
"","","Замена разъема зарядки","3 290 ₽"
"","","Замена динамика","3 090 ₽"
"","","Замена микрофона","3 290 ₽"
"","","Замена задней камеры","5 590 ₽"
"","","Восстановление после попадания влаги","от 5 690 ₽"
"","","Замена стекла камеры","2 290 ₽"
"","","Обновление ПО","890 ₽"
"","","Перенос данных","890 ₽"
"","","Активация и настройка Apple ID","690 ₽"
"","","Замена передней камеры","3 090 ₽"
"","","Замена кнопок громкости","3 090 ₽"
"","","Замена кнопки включения","3 090 ₽"
"","","Замена кнопки переключения вибро","3 090 ₽"
"","","Замена антенны","2 890 ₽"
"","","Замена датчика приближения","3 490 ₽"
"","","Замена вибромотора","2 890 ₽"
"","","Ремонт материнской платы","Цена по запросу"
"","","Программный ремонт","890 ₽"
"","","Замена контроллера питания","Цена по запросу"
"","","Ремонт FACE ID","Цена по запросу"
"","","Сброс пароля","890 ₽"
"","","Замена Wi-Fi модуля","Цена по запросу"
"","iPhone SE 2","Диагностика","Бесплатно"
"","","Замена аккумулятора","4 290 ₽"
"","","Замена стекла","5 390 ₽"
"","","Замена экрана","6 290 ₽"
"","","Гидрогелевая защита","1 290 ₽"
"","","Замена задней крышки","5 290 ₽"
"","","Чистка динамика, микрофонов от пыли","590 ₽"
"","","Замена корпуса","5 290 ₽"
"","","Замена разъема зарядки","3 290 ₽"
"","","Замена динамика","3 090 ₽"
"","","Замена микрофона","3 290 ₽"
"","","Замена задней камеры","5 590 ₽"
"","","Восстановление после попадания влаги","от 5 690 ₽"
"","","Замена стекла камеры","2 290 ₽"
"","","Обновление ПО","890 ₽"
"","","Перенос данных","890 ₽"
"","","Активация и настройка Apple ID","690 ₽"
"","","Замена передней камеры","3 090 ₽"
"","","Замена кнопок громкости","3 090 ₽"
"","","Замена кнопки включения","3 090 ₽"
"","","Замена кнопки переключения вибро","3 090 ₽"
"","","Замена антенны","2 890 ₽"
"","","Замена датчика приближения","3 490 ₽"
"","","Замена вибромотора","2 890 ₽"
"","","Ремонт материнской платы","Цена по запросу"
"","","Программный ремонт","890 ₽"
"","","Замена контроллера питания","Цена по запросу"
"","","Ремонт FACE ID","Цена по запросу"
"","","Сброс пароля","890 ₽"
"","","Замена Wi-Fi модуля","Цена по запросу"
"","iPhone SE","Диагностика","Бесплатно"
"","","Замена аккумулятора","4 290 ₽"
"","","Замена стекла","5 390 ₽"
"","","Замена экрана","6 290 ₽"
"","","Гидрогелевая защита","1 290 ₽"
"","","Замена задней крышки","5 290 ₽"
"","","Чистка динамика, микрофонов от пыли","590 ₽"
"","","Замена корпуса","5 290 ₽"
"","","Замена разъема зарядки","3 290 ₽"
"","","Замена динамика","3 090 ₽"
"","","Замена микрофона","3 290 ₽"
"","","Замена задней камеры","5 590 ₽"
"","","Восстановление после попадания влаги","от 5 690 ₽"
"","","Замена стекла камеры","2 290 ₽"
"","","Обновление ПО","890 ₽"
"","","Перенос данных","890 ₽"
"","","Активация и настройка Apple ID","690 ₽"
"","","Замена передней камеры","3 090 ₽"
"","","Замена кнопок громкости","3 090 ₽"
"","","Замена кнопки включения","3 090 ₽"
"","","Замена кнопки переключения вибро","3 090 ₽"
"","","Замена антенны","2 890 ₽"
"","","Замена датчика приближения","3 490 ₽"
"","","Замена вибромотора","2 890 ₽"
"","","Ремонт материнской платы","Цена по запросу"
"","","Программный ремонт","890 ₽"
"","","Замена контроллера питания","Цена по запросу"
"","","Ремонт FACE ID","Цена по запросу"
"","","Сброс пароля","890 ₽"
"","","Замена Wi-Fi модуля","Цена по запросу"
"","iPhone 8 Plus","Диагностика","Бесплатно"
"","","Замена аккумулятора","4 290 ₽"
"","","Замена стекла","5 390 ₽"
"","","Замена экрана","6 290 ₽"
"","","Гидрогелевая защита","1 290 ₽"
"","","Замена задней крышки","5 290 ₽"
"","","Чистка динамика, микрофонов от пыли","590 ₽"
"","","Замена корпуса","5 290 ₽"
"","","Замена разъема зарядки","3 290 ₽"
"","","Замена динамика","3 090 ₽"
"","","Замена микрофона","3 290 ₽"
"","","Замена задней камеры","5 590 ₽"
"","","Восстановление после попадания влаги","от 5 690 ₽"
"","","Замена стекла камеры","2 290 ₽"
"","","Обновление ПО","890 ₽"
"","","Перенос данных","890 ₽"
"","","Активация и настройка Apple ID","690 ₽"
"","","Замена передней камеры","3 090 ₽"
"","","Замена кнопок громкости","3 090 ₽"
"","","Замена кнопки включения","3 090 ₽"
"","","Замена кнопки переключения вибро","3 090 ₽"
"","","Замена антенны","2 890 ₽"
"","","Замена датчика приближения","3 490 ₽"
"","","Замена вибромотора","2 890 ₽"
"","","Ремонт материнской платы","Цена по запросу"
"","","Программный ремонт","890 ₽"
"","","Замена контроллера питания","Цена по запросу"
"","","Ремонт FACE ID","Цена по запросу"
"","","Сброс пароля","890 ₽"
"","","Замена Wi-Fi модуля","Цена по запросу"
"","iPhone 8","Диагностика","Бесплатно"
"","","Замена аккумулятора","4 290 ₽"
"","","Замена стекла","5 390 ₽"
"","","Замена экрана","6 290 ₽"
"","","Гидрогелевая защита","1 290 ₽"
"","","Замена задней крышки","5 290 ₽"
"","","Чистка динамика, микрофонов от пыли","590 ₽"
"","","Замена корпуса","5 290 ₽"
"","","Замена разъема зарядки","3 290 ₽"
"","","Замена динамика","3 090 ₽"
"","","Замена микрофона","3 290 ₽"
"","","Замена задней камеры","5 590 ₽"
"","","Восстановление после попадания влаги","от 5 690 ₽"
"","","Замена стекла камеры","2 290 ₽"
"","","Обновление ПО","890 ₽"
"","","Перенос данных","890 ₽"
"","","Активация и настройка Apple ID","690 ₽"
"","","Замена передней камеры","3 090 ₽"
"","","Замена кнопок громкости","3 090 ₽"
"","","Замена кнопки включения","3 090 ₽"
"","","Замена кнопки переключения вибро","3 090 ₽"
"","","Замена антенны","2 890 ₽"
"","","Замена датчика приближения","3 490 ₽"
"","","Замена вибромотора","2 890 ₽"
"","","Ремонт материнской платы","Цена по запросу"
"","","Программный ремонт","890 ₽"
"","","Замена контроллера питания","Цена по запросу"
"","","Ремонт FACE ID","Цена по запросу"
"","","Сброс пароля","890 ₽"
"","","Замена Wi-Fi модуля","Цена по запросу"
"","iPhone 7","Диагностика","Бесплатно"
"","","Замена аккумулятора","4 290 ₽"
"","","Замена стекла","5 390 ₽"
"","","Замена экрана","6 290 ₽"
"","","Гидрогелевая защита","1 290 ₽"
"","","Замена задней крышки","5 290 ₽"
"","","Чистка динамика, микрофонов от пыли","590 ₽"
"","","Замена корпуса","5 290 ₽"
"","","Замена разъема зарядки","3 290 ₽"
"","","Замена динамика","3 090 ₽"
"","","Замена микрофона","3 290 ₽"
"","","Замена задней камеры","5 590 ₽"
"","","Восстановление после попадания влаги","от 5 690 ₽"
"","","Замена стекла камеры","2 290 ₽"
"","","Обновление ПО","890 ₽"
"","","Перенос данных","890 ₽"
"","","Активация и настройка Apple ID","690 ₽"
"","","Замена передней камеры","3 090 ₽"
"","","Замена кнопок громкости","3 090 ₽"
"","","Замена кнопки включения","3 090 ₽"
"","","Замена кнопки переключения вибро","3 090 ₽"
"","","Замена антенны","2 890 ₽"
"","","Замена датчика приближения","3 490 ₽"
"","","Замена вибромотора","2 890 ₽"
"","","Ремонт материнской платы","Цена по запросу"
"","","Программный ремонт","890 ₽"
"","","Замена контроллера питания","Цена по запросу"
"","","Ремонт FACE ID","Цена по запросу"
"","","Сброс пароля","890 ₽"
"","","Замена Wi-Fi модуля","Цена по запросу"
"","iPhone 7 Plus","Диагностика","Бесплатно"
"","","Замена аккумулятора","4 290 ₽"
"","","Замена стекла","5 390 ₽"
"","","Замена экрана","6 290 ₽"
"","","Гидрогелевая защита","1 290 ₽"
"","","Замена задней крышки","5 290 ₽"
"","","Чистка динамика, микрофонов от пыли","590 ₽"
"","","Замена корпуса","5 290 ₽"
"","","Замена разъема зарядки","3 290 ₽"
"","","Замена динамика","3 090 ₽"
"","","Замена микрофона","3 290 ₽"
"","","Замена задней камеры","5 590 ₽"
"","","Восстановление после попадания влаги","от 5 690 ₽"
"","","Замена стекла камеры","2 290 ₽"
"","","Обновление ПО","890 ₽"
"","","Перенос данных","890 ₽"
"","","Активация и настройка Apple ID","690 ₽"
"","","Замена передней камеры","3 090 ₽"
"","","Замена кнопок громкости","3 090 ₽"
"","","Замена кнопки включения","3 090 ₽"
"","","Замена кнопки переключения вибро","3 090 ₽"
"","","Замена антенны","2 890 ₽"
"","","Замена датчика приближения","3 490 ₽"
"","","Замена вибромотора","2 890 ₽"
"","","Ремонт материнской платы","Цена по запросу"
"","","Программный ремонт","890 ₽"
"","","Замена контроллера питания","Цена по запросу"
"","","Ремонт FACE ID","Цена по запросу"
"","","Сброс пароля","890 ₽"
"","","Замена Wi-Fi модуля","Цена по запросу"
"","iPhone 6s Plus","Диагностика","Бесплатно"
"","","Замена аккумулятора","4 290 ₽"
"","","Замена стекла","5 390 ₽"
"","","Замена экрана","6 290 ₽"
"","","Гидрогелевая защита","1 290 ₽"
"","","Замена задней крышки","5 290 ₽"
"","","Чистка динамика, микрофонов от пыли","590 ₽"
"","","Замена корпуса","5 290 ₽"
"","","Замена разъема зарядки","3 290 ₽"
"","","Замена динамика","3 090 ₽"
"","","Замена микрофона","3 290 ₽"
"","","Замена задней камеры","5 590 ₽"
"","","Восстановление после попадания влаги","от 5 690 ₽"
"","","Замена стекла камеры","2 290 ₽"
"","","Обновление ПО","890 ₽"
"","","Перенос данных","890 ₽"
"","","Активация и настройка Apple ID","690 ₽"
"","","Замена передней камеры","3 090 ₽"
"","","Замена кнопок громкости","3 090 ₽"
"","","Замена кнопки включения","3 090 ₽"
"","","Замена кнопки переключения вибро","3 090 ₽"
"","","Замена антенны","2 890 ₽"
"","","Замена датчика приближения","3 490 ₽"
"","","Замена вибромотора","2 890 ₽"
"","","Ремонт материнской платы","Цена по запросу"
"","","Программный ремонт","890 ₽"
"","","Замена контроллера питания","Цена по запросу"
"","","Ремонт FACE ID","Цена по запросу"
"","","Сброс пароля","890 ₽"
"","","Замена Wi-Fi модуля","Цена по запросу"
"","iPhone 6s","Диагностика","Бесплатно"
"","","Замена аккумулятора","4 290 ₽"
"","","Замена стекла","5 390 ₽"
"","","Замена экрана","6 290 ₽"
"","","Гидрогелевая защита","1 290 ₽"
"","","Замена задней крышки","5 290 ₽"
"","","Чистка динамика, микрофонов от пыли","590 ₽"
"","","Замена корпуса","5 290 ₽"
"","","Замена разъема зарядки","3 290 ₽"
"","","Замена динамика","3 090 ₽"
"","","Замена микрофона","3 290 ₽"
"","","Замена задней камеры","5 590 ₽"
"","","Восстановление после попадания влаги","от 5 690 ₽"
"","","Замена стекла камеры","2 290 ₽"
"","","Обновление ПО","890 ₽"
"","","Перенос данных","890 ₽"
"","","Активация и настройка Apple ID","690 ₽"
"","","Замена передней камеры","3 090 ₽"
"","","Замена кнопок громкости","3 090 ₽"
"","","Замена кнопки включения","3 090 ₽"
"","","Замена кнопки переключения вибро","3 090 ₽"
"","","Замена антенны","2 890 ₽"
"","","Замена датчика приближения","3 490 ₽"
"","","Замена вибромотора","2 890 ₽"
"","","Ремонт материнской платы","Цена по запросу"
"","","Программный ремонт","890 ₽"
"","","Замена контроллера питания","Цена по запросу"
"","","Ремонт FACE ID","Цена по запросу"
"","","Сброс пароля","890 ₽"
"","","Замена Wi-Fi модуля","Цена по запросу"
"Samsung","Samsung Galaxy A02","Замена экрана","укажите цену"
"","","Замена аккумулятора","укажите цену"
"","","Замена корпуса","укажите цену"
"","","Замена разъема зарядки","укажите цену"
"","","Чистка после попадания влаги","укажите цену"
"","Samsung Galaxy A10","Замена экрана","укажите цену"
"","","Замена аккумулятора","укажите цену"
"","","Замена корпуса","укажите цену"
"","","Замена разъема зарядки","укажите цену"
"","","Чистка после попадания влаги","укажите цену"
"","Samsung Galaxy A12 (2021)","Замена экрана","укажите цену"
"","","Замена аккумулятора","укажите цену"
"","","Замена корпуса","укажите цену"
"","","Замена разъема зарядки","укажите цену"
"","","Чистка после попадания влаги","укажите цену"
"","Samsung Galaxy A20","Замена экрана","укажите цену"
"","","Замена аккумулятора","укажите цену"
"","","Замена корпуса","укажите цену"
"","","Замена разъема зарядки","укажите цену"
"","","Чистка после попадания влаги","укажите цену"
"","Samsung Galaxy A21s","Замена экрана","укажите цену"
"","","Замена аккумулятора","укажите цену"
"","","Замена корпуса","укажите цену"
"","","Замена разъема зарядки","укажите цену"
"","","Чистка после попадания влаги","укажите цену"
"","Samsung Galaxy A22","Замена экрана","укажите цену"
"","","Замена аккумулятора","укажите цену"
"","","Замена корпуса","укажите цену"
"","","Замена разъема зарядки","укажите цену"
"","","Чистка после попадания влаги","укажите цену"
"","Samsung Galaxy A23","Замена экрана","укажите цену"
"","","Замена аккумулятора","укажите цену"
"","","Замена корпуса","укажите цену"
"","","Замена разъема зарядки","укажите цену"
"","","Чистка после попадания влаги","укажите цену"
"","Samsung Galaxy A3 (2016)","Замена экрана","укажите цену"
"","","Замена аккумулятора","укажите цену"
"","","Замена корпуса","укажите цену"
"","","Замена разъема зарядки","укажите цену"
"","","Чистка после попадания влаги","укажите цену"
"","Samsung Galaxy A3 (2017)","Замена экрана","укажите цену"
"","","Замена аккумулятора","укажите цену"
"","","Замена корпуса","укажите цену"
"","","Замена разъема зарядки","укажите цену"
"","","Чистка после попадания влаги","укажите цену"
"","Samsung Galaxy A30","Замена экрана","укажите цену"
"","","Замена аккумулятора","укажите цену"
"","","Замена корпуса","укажите цену"
"","","Замена разъема зарядки","укажите цену"
"","","Чистка после попадания влаги","укажите цену"
"","Samsung Galaxy A30s","Замена экрана","укажите цену"
"","","Замена аккумулятора","укажите цену"
"","","Замена корпуса","укажите цену"
"","","Замена разъема зарядки","укажите цену"
"","","Чистка после попадания влаги","укажите цену"
"","Samsung Galaxy A31","Замена экрана","укажите цену"
"","","Замена аккумулятора","укажите цену"
"","","Замена корпуса","укажите цену"
"","","Замена разъема зарядки","укажите цену"
"","","Чистка после попадания влаги","укажите цену"
"","Samsung Galaxy A32","Замена экрана","укажите цену"
"","","Замена аккумулятора","укажите цену"
"","","Замена корпуса","укажите цену"
"","","Замена разъема зарядки","укажите цену"
"","","Чистка после попадания влаги","укажите цену"
"","Samsung Galaxy A33","Замена экрана","укажите цену"
"","","Замена аккумулятора","укажите цену"
"","","Замена корпуса","укажите цену"
"","","Замена разъема зарядки","укажите цену"
"","","Чистка после попадания влаги","укажите цену"
"","Samsung Galaxy A40","Замена экрана","укажите цену"
"","","Замена аккумулятора","укажите цену"
"","","Замена корпуса","укажите цену"
"","","Замена разъема зарядки","укажите цену"
"","","Чистка после попадания влаги","укажите цену"
"","Samsung Galaxy A41","Замена экрана","укажите цену"
"","","Замена аккумулятора","укажите цену"
"","","Замена корпуса","укажите цену"
"","","Замена разъема зарядки","укажите цену"
"","","Чистка после попадания влаги","укажите цену"
"","Samsung Galaxy A5 (2015)","Замена экрана","укажите цену"
"","","Замена аккумулятора","укажите цену"
"","","Замена корпуса","укажите цену"
"","","Замена разъема зарядки","укажите цену"
"","","Чистка после попадания влаги","укажите цену"
"","Samsung Galaxy A50","Замена экрана","укажите цену"
"","","Замена аккумулятора","укажите цену"
"","","Замена корпуса","укажите цену"
"","","Замена разъема зарядки","укажите цену"
"","","Чистка после попадания влаги","укажите цену"
"","Samsung Galaxy A51","Замена экрана","укажите цену"
"","","Замена аккумулятора","укажите цену"
"","","Замена корпуса","укажите цену"
"","","Замена разъема зарядки","укажите цену"
"","","Чистка после попадания влаги","укажите цену"
"","Samsung Galaxy A52","Замена экрана","укажите цену"
"","","Замена аккумулятора","укажите цену"
"","","Замена корпуса","укажите цену"
"","","Замена разъема зарядки","укажите цену"
"","","Чистка после попадания влаги","укажите цену"
"","Samsung Galaxy A53","Замена экрана","укажите цену"
"","","Замена аккумулятора","укажите цену"
"","","Замена корпуса","укажите цену"
"","","Замена разъема зарядки","укажите цену"
"","","Чистка после попадания влаги","укажите цену"
"","Samsung Galaxy A70","Замена экрана","укажите цену"
"","","Замена аккумулятора","укажите цену"
"","","Замена корпуса","укажите цену"
"","","Замена разъема зарядки","укажите цену"
"","","Чистка после попадания влаги","укажите цену"
"","Samsung Galaxy A71","Замена экрана","укажите цену"
"","","Замена аккумулятора","укажите цену"
"","","Замена корпуса","укажите цену"
"","","Замена разъема зарядки","укажите цену"
"","","Чистка после попадания влаги","укажите цену"
"","Samsung Galaxy A72","Замена экрана","укажите цену"
"","","Замена аккумулятора","укажите цену"
"","","Замена корпуса","укажите цену"
"","","Замена разъема зарядки","укажите цену"
"","","Чистка после попадания влаги","укажите цену"
"","Samsung Galaxy A73","Замена экрана","укажите цену"
"","","Замена аккумулятора","укажите цену"
"","","Замена корпуса","укажите цену"
"","","Замена разъема зарядки","укажите цену"
"","","Чистка после попадания влаги","укажите цену"
"","Samsung Galaxy J3 (2016)","Замена экрана","укажите цену"
"","","Замена аккумулятора","укажите цену"
"","","Замена корпуса","укажите цену"
"","","Замена разъема зарядки","укажите цену"
"","","Чистка после попадания влаги","укажите цену"
"","Samsung Galaxy J3 (2017)","Замена экрана","укажите цену"
"","","Замена аккумулятора","укажите цену"
"","","Замена корпуса","укажите цену"
"","","Замена разъема зарядки","укажите цену"
"","","Чистка после попадания влаги","укажите цену"
"","Samsung Galaxy J4 (2018)","Замена экрана","укажите цену"
"","","Замена аккумулятора","укажите цену"
"","","Замена корпуса","укажите цену"
"","","Замена разъема зарядки","укажите цену"
"","","Чистка после попадания влаги","укажите цену"
"","Samsung Galaxy J5 (2015)","Замена экрана","укажите цену"
"","","Замена аккумулятора","укажите цену"
"","","Замена корпуса","укажите цену"
"","","Замена разъема зарядки","укажите цену"
"","","Чистка после попадания влаги","укажите цену"
"","Samsung Galaxy J5 (2016)","Замена экрана","укажите цену"
"","","Замена аккумулятора","укажите цену"
"","","Замена корпуса","укажите цену"
"","","Замена разъема зарядки","укажите цену"
"","","Чистка после попадания влаги","укажите цену"
"","Samsung Galaxy J5 (2017)","Замена экрана","укажите цену"
"","","Замена аккумулятора","укажите цену"
"","","Замена корпуса","укажите цену"
"","","Замена разъема зарядки","укажите цену"
"","","Чистка после попадания влаги","укажите цену"
"","Samsung Galaxy J6","Замена экрана","укажите цену"
"","","Замена аккумулятора","укажите цену"
"","","Замена корпуса","укажите цену"
"","","Замена разъема зарядки","укажите цену"
"","","Чистка после попадания влаги","укажите цену"
"","Samsung Galaxy J7 (2016)","Замена экрана","укажите цену"
"","","Замена аккумулятора","укажите цену"
"","","Замена корпуса","укажите цену"
"","","Замена разъема зарядки","укажите цену"
"","","Чистка после попадания влаги","укажите цену"
"","Samsung Galaxy J7 (2017)","Замена экрана","укажите цену"
"","","Замена аккумулятора","укажите цену"
"","","Замена корпуса","укажите цену"
"","","Замена разъема зарядки","укажите цену"
"","","Чистка после попадания влаги","укажите цену"
"","Samsung Galaxy J8","Замена экрана","укажите цену"
"","","Замена аккумулятора","укажите цену"
"","","Замена корпуса","укажите цену"
"","","Замена разъема зарядки","укажите цену"
"","","Чистка после попадания влаги","укажите цену"
"","Samsung Galaxy M12","Замена экрана","укажите цену"
"","","Замена аккумулятора","укажите цену"
"","","Замена корпуса","укажите цену"
"","","Замена разъема зарядки","укажите цену"
"","","Чистка после попадания влаги","укажите цену"
"","Samsung Galaxy M21","Замена экрана","укажите цену"
"","","Замена аккумулятора","укажите цену"
"","","Замена корпуса","укажите цену"
"","","Замена разъема зарядки","укажите цену"
"","","Чистка после попадания влаги","укажите цену"
"","Samsung Galaxy M31","Замена экрана","укажите цену"
"","","Замена аккумулятора","укажите цену"
"","","Замена корпуса","укажите цену"
"","","Замена разъема зарядки","укажите цену"
"","","Чистка после попадания влаги","укажите цену"
"","Samsung Galaxy M31s","Замена экрана","укажите цену"
"","","Замена аккумулятора","укажите цену"
"","","Замена корпуса","укажите цену"
"","","Замена разъема зарядки","укажите цену"
"","","Чистка после попадания влаги","укажите цену"
"","Samsung Galaxy Note 10","Замена экрана","укажите цену"
"","","Замена аккумулятора","укажите цену"
"","","Замена корпуса","укажите цену"
"","","Замена разъема зарядки","укажите цену"
"","","Чистка после попадания влаги","укажите цену"
"","Samsung Galaxy Note 10 Plus","Замена экрана","укажите цену"
"","","Замена аккумулятора","укажите цену"
"","","Замена корпуса","укажите цену"
"","","Замена разъема зарядки","укажите цену"
"","","Чистка после попадания влаги","укажите цену"
"","Samsung Galaxy Note 20","Замена экрана","укажите цену"
"","","Замена аккумулятора","укажите цену"
"","","Замена корпуса","укажите цену"
"","","Замена разъема зарядки","укажите цену"
"","","Чистка после попадания влаги","укажите цену"
"","Samsung Galaxy Note 20 Ultra","Замена экрана","укажите цену"
"","","Замена аккумулятора","укажите цену"
"","","Замена корпуса","укажите цену"
"","","Замена разъема зарядки","укажите цену"
"","","Чистка после попадания влаги","укажите цену"
"","Samsung Galaxy Note 9","Замена экрана","укажите цену"
"","","Замена аккумулятора","укажите цену"
"","","Замена корпуса","укажите цену"
"","","Замена разъема зарядки","укажите цену"
"","","Чистка после попадания влаги","укажите цену"
"","Samsung Galaxy S10","Замена экрана","укажите цену"
"","","Замена аккумулятора","укажите цену"
"","","Замена корпуса","укажите цену"
"","","Замена разъема зарядки","укажите цену"
"","","Чистка после попадания влаги","укажите цену"
"","Samsung Galaxy S10 Plus","Замена экрана","укажите цену"
"","","Замена аккумулятора","укажите цену"
"","","Замена корпуса","укажите цену"
"","","Замена разъема зарядки","укажите цену"
"","","Чистка после попадания влаги","укажите цену"
"","Samsung Galaxy S10e","Замена экрана","укажите цену"
"","","Замена аккумулятора","укажите цену"
"","","Замена корпуса","укажите цену"
"","","Замена разъема зарядки","укажите цену"
"","","Чистка после попадания влаги","укажите цену"
"","Samsung Galaxy S20","Замена экрана","укажите цену"
"","","Замена аккумулятора","укажите цену"
"","","Замена корпуса","укажите цену"
"","","Замена разъема зарядки","укажите цену"
"","","Чистка после попадания влаги","укажите цену"
"","Samsung Galaxy S20 Plus","Замена экрана","укажите цену"
"","","Замена аккумулятора","укажите цену"
"","","Замена корпуса","укажите цену"
"","","Замена разъема зарядки","укажите цену"
"","","Чистка после попадания влаги","укажите цену"
"","Samsung Galaxy S20 Ultra","Замена экрана","укажите цену"
"","","Замена аккумулятора","укажите цену"
"","","Замена корпуса","укажите цену"
"","","Замена разъема зарядки","укажите цену"
"","","Чистка после попадания влаги","укажите цену"
"","Samsung Galaxy S21","Замена экрана","укажите цену"
"","","Замена аккумулятора","укажите цену"
"","","Замена корпуса","укажите цену"
"","","Замена разъема зарядки","укажите цену"
"","","Чистка после попадания влаги","укажите цену"
"","Samsung Galaxy S21 Plus","Замена экрана","укажите цену"
"","","Замена аккумулятора","укажите цену"
"","","Замена корпуса","укажите цену"
"","","Замена разъема зарядки","укажите цену"
"","","Чистка после попадания влаги","укажите цену"
"","Samsung Galaxy S21 Ultra","Замена экрана","укажите цену"
"","","Замена аккумулятора","укажите цену"
"","","Замена корпуса","укажите цену"
"","","Замена разъема зарядки","укажите цену"
"","","Чистка после попадания влаги","укажите цену"
"","Samsung S21 FE","Замена экрана","укажите цену"
"","","Замена аккумулятора","укажите цену"
"","","Замена корпуса","укажите цену"
"","","Замена разъема зарядки","укажите цену"
"","","Чистка после попадания влаги","укажите цену"
"","Samsung Galaxy S22","Замена экрана","укажите цену"
"","","Замена аккумулятора","укажите цену"
"","","Замена корпуса","укажите цену"
"","","Замена разъема зарядки","укажите цену"
"","","Чистка после попадания влаги","укажите цену"
"","Samsung Galaxy S22 Ultra","Замена экрана","укажите цену"
"","","Замена аккумулятора","укажите цену"
"","","Замена корпуса","укажите цену"
"","","Замена разъема зарядки","укажите цену"
"","","Чистка после попадания влаги","укажите цену"
"","Samsung Galaxy S23","Замена экрана","укажите цену"
"","","Замена аккумулятора","укажите цену"
"","","Замена корпуса","укажите цену"
"","","Замена разъема зарядки","укажите цену"
"","","Чистка после попадания влаги","укажите цену"
"","Samsung Galaxy S23 Ultra","Замена экрана","укажите цену"
"","","Замена аккумулятора","укажите цену"
"","","Замена корпуса","укажите цену"
"","","Замена разъема зарядки","укажите цену"
"","","Чистка после попадания влаги","укажите цену"
"","Samsung Galaxy S6 Edge Plus","Замена экрана","укажите цену"
"","","Замена аккумулятора","укажите цену"
"","","Замена корпуса","укажите цену"
"","","Замена разъема зарядки","укажите цену"
"","","Чистка после попадания влаги","укажите цену"
"","Samsung Galaxy S7 Edge","Замена экрана","укажите цену"
"","","Замена аккумулятора","укажите цену"
"","","Замена корпуса","укажите цену"
"","","Замена разъема зарядки","укажите цену"
"","","Чистка после попадания влаги","укажите цену"
"","Samsung Galaxy S8","Замена экрана","укажите цену"
"","","Замена аккумулятора","укажите цену"
"","","Замена корпуса","укажите цену"
"","","Замена разъема зарядки","укажите цену"
"","","Чистка после попадания влаги","укажите цену"
"","Samsung Galaxy S8 Plus","Замена экрана","укажите цену"
"","","Замена аккумулятора","укажите цену"
"","","Замена корпуса","укажите цену"
"","","Замена разъема зарядки","укажите цену"
"","","Чистка после попадания влаги","укажите цену"
"","Samsung Galaxy S9","Замена экрана","укажите цену"
"","","Замена аккумулятора","укажите цену"
"","","Замена корпуса","укажите цену"
"","","Замена разъема зарядки","укажите цену"
"","","Чистка после попадания влаги","укажите цену"
"","Samsung Galaxy S9 Plus","Замена экрана","укажите цену"
"","","Замена аккумулятора","укажите цену"
"","","Замена корпуса","укажите цену"
"","","Замена разъема зарядки","укажите цену"
"","","Чистка после попадания влаги","укажите цену"
"","Samsung Galaxy Z Flip","Замена экрана","укажите цену"
"","","Замена аккумулятора","укажите цену"
"","","Замена корпуса","укажите цену"
"","","Замена разъема зарядки","укажите цену"
"","","Чистка после попадания влаги","укажите цену"
"","Samsung Galaxy Z Fold 4","Замена экрана","укажите цену"
"","","Замена аккумулятора","укажите цену"
"","","Замена корпуса","укажите цену"
"","","Замена разъема зарядки","укажите цену"
"","","Чистка после попадания влаги","укажите цену"
"","Samsung Galaxy S20 FE","Замена экрана","укажите цену"
"","","Замена аккумулятора","укажите цену"
"","","Замена корпуса","укажите цену"
"","","Замена разъема зарядки","укажите цену"
"","","Чистка после попадания влаги","укажите цену"
"","Samsung Galaxy A32 5G","Замена экрана","укажите цену"
"","","Замена аккумулятора","укажите цену"
"","","Замена корпуса","укажите цену"
"","","Замена разъема зарядки","укажите цену"
"","","Чистка после попадания влаги","укажите цену"
"","Samsung Galaxy A54","Замена экрана","укажите цену"
"","","Замена аккумулятора","укажите цену"
"","","Замена корпуса","укажите цену"
"","","Замена разъема зарядки","укажите цену"
"","","Чистка после попадания влаги","укажите цену"
"","Samsung Galaxy A15","Замена экрана","укажите цену"
"","","Замена аккумулятора","укажите цену"
"","","Замена корпуса","укажите цену"
"","","Замена разъема зарядки","укажите цену"
"","","Чистка после попадания влаги","укажите цену"
"","Samsung Galaxy A13","Замена экрана","укажите цену"
"","","Замена аккумулятора","укажите цену"
"","","Замена корпуса","укажите цену"
"","","Замена разъема зарядки","укажите цену"
"","","Чистка после попадания влаги","укажите цену"
"Honor","Honor 10","Замена экрана","укажите цену"
"","","Замена аккумулятора","укажите цену"
"","","Замена корпуса","укажите цену"
"","","Замена разъема зарядки","укажите цену"
"","","Чистка после попадания влаги","укажите цену"
"","Honor 10 Lite","Замена экрана","укажите цену"
"","","Замена аккумулятора","укажите цену"
"","","Замена корпуса","укажите цену"
"","","Замена разъема зарядки","укажите цену"
"","","Чистка после попадания влаги","укажите цену"
"","Honor 10i","Замена экрана","укажите цену"
"","","Замена аккумулятора","укажите цену"
"","","Замена корпуса","укажите цену"
"","","Замена разъема зарядки","укажите цену"
"","","Чистка после попадания влаги","укажите цену"
"","Honor 10x Lite","Замена экрана","укажите цену"
"","","Замена аккумулятора","укажите цену"
"","","Замена корпуса","укажите цену"
"","","Замена разъема зарядки","укажите цену"
"","","Чистка после попадания влаги","укажите цену"
"","Honor 20","Замена экрана","укажите цену"
"","","Замена аккумулятора","укажите цену"
"","","Замена корпуса","укажите цену"
"","","Замена разъема зарядки","укажите цену"
"","","Чистка после попадания влаги","укажите цену"
"","Honor 20 Lite","Замена экрана","укажите цену"
"","","Замена аккумулятора","укажите цену"
"","","Замена корпуса","укажите цену"
"","","Замена разъема зарядки","укажите цену"
"","","Чистка после попадания влаги","укажите цену"
"","Honor 20 Pro","Замена экрана","укажите цену"
"","","Замена аккумулятора","укажите цену"
"","","Замена корпуса","укажите цену"
"","","Замена разъема зарядки","укажите цену"
"","","Чистка после попадания влаги","укажите цену"
"","Honor 20E","Замена экрана","укажите цену"
"","","Замена аккумулятора","укажите цену"
"","","Замена корпуса","укажите цену"
"","","Замена разъема зарядки","укажите цену"
"","","Чистка после попадания влаги","укажите цену"
"","Honor 20I","Замена экрана","укажите цену"
"","","Замена аккумулятора","укажите цену"
"","","Замена корпуса","укажите цену"
"","","Замена разъема зарядки","укажите цену"
"","","Чистка после попадания влаги","укажите цену"
"","Honor 20S","Замена экрана","укажите цену"
"","","Замена аккумулятора","укажите цену"
"","","Замена корпуса","укажите цену"
"","","Замена разъема зарядки","укажите цену"
"","","Чистка после попадания влаги","укажите цену"
"","Honor 30","Замена экрана","укажите цену"
"","","Замена аккумулятора","укажите цену"
"","","Замена корпуса","укажите цену"
"","","Замена разъема зарядки","укажите цену"
"","","Чистка после попадания влаги","укажите цену"
"","Honor 30 Pro","Замена экрана","укажите цену"
"","","Замена аккумулятора","укажите цену"
"","","Замена корпуса","укажите цену"
"","","Замена разъема зарядки","укажите цену"
"","","Чистка после попадания влаги","укажите цену"
"","Honor 30 Pro Plus","Замена экрана","укажите цену"
"","","Замена аккумулятора","укажите цену"
"","","Замена корпуса","укажите цену"
"","","Замена разъема зарядки","укажите цену"
"","","Чистка после попадания влаги","укажите цену"
"","Honor 30i","Замена экрана","укажите цену"
"","","Замена аккумулятора","укажите цену"
"","","Замена корпуса","укажите цену"
"","","Замена разъема зарядки","укажите цену"
"","","Чистка после попадания влаги","укажите цену"
"","Honor 30S","Замена экрана","укажите цену"
"","","Замена аккумулятора","укажите цену"
"","","Замена корпуса","укажите цену"
"","","Замена разъема зарядки","укажите цену"
"","","Чистка после попадания влаги","укажите цену"
"","Honor 50","Замена экрана","укажите цену"
"","","Замена аккумулятора","укажите цену"
"","","Замена корпуса","укажите цену"
"","","Замена разъема зарядки","укажите цену"
"","","Чистка после попадания влаги","укажите цену"
"","Honor 50 lite","Замена экрана","укажите цену"
"","","Замена аккумулятора","укажите цену"
"","","Замена корпуса","укажите цену"
"","","Замена разъема зарядки","укажите цену"
"","","Чистка после попадания влаги","укажите цену"
"","Honor 5X","Замена экрана","укажите цену"
"","","Замена аккумулятора","укажите цену"
"","","Замена корпуса","укажите цену"
"","","Замена разъема зарядки","укажите цену"
"","","Чистка после попадания влаги","укажите цену"
"","Honor 6","Замена экрана","укажите цену"
"","","Замена аккумулятора","укажите цену"
"","","Замена корпуса","укажите цену"
"","","Замена разъема зарядки","укажите цену"
"","","Чистка после попадания влаги","укажите цену"
"","Honor 6X","Замена экрана","укажите цену"
"","","Замена аккумулятора","укажите цену"
"","","Замена корпуса","укажите цену"
"","","Замена разъема зарядки","укажите цену"
"","","Чистка после попадания влаги","укажите цену"
"","Honor 7","Замена экрана","укажите цену"
"","","Замена аккумулятора","укажите цену"
"","","Замена корпуса","укажите цену"
"","","Замена разъема зарядки","укажите цену"
"","","Чистка после попадания влаги","укажите цену"
"","Honor 70","Замена экрана","укажите цену"
"","","Замена аккумулятора","укажите цену"
"","","Замена корпуса","укажите цену"
"","","Замена разъема зарядки","укажите цену"
"","","Чистка после попадания влаги","укажите цену"
"","Honor 70 Pro","Замена экрана","укажите цену"
"","","Замена аккумулятора","укажите цену"
"","","Замена корпуса","укажите цену"
"","","Замена разъема зарядки","укажите цену"
"","","Чистка после попадания влаги","укажите цену"
"","Honor 70 Pro Plus","Замена экрана","укажите цену"
"","","Замена аккумулятора","укажите цену"
"","","Замена корпуса","укажите цену"
"","","Замена разъема зарядки","укажите цену"
"","","Чистка после попадания влаги","укажите цену"
"","Honor 7A","Замена экрана","укажите цену"
"","","Замена аккумулятора","укажите цену"
"","","Замена корпуса","укажите цену"
"","","Замена разъема зарядки","укажите цену"
"","","Чистка после попадания влаги","укажите цену"
"","Honor 7C","Замена экрана","укажите цену"
"","","Замена аккумулятора","укажите цену"
"","","Замена корпуса","укажите цену"
"","","Замена разъема зарядки","укажите цену"
"","","Чистка после попадания влаги","укажите цену"
"","Honor 7X","Замена экрана","укажите цену"
"","","Замена аккумулятора","укажите цену"
"","","Замена корпуса","укажите цену"
"","","Замена разъема зарядки","укажите цену"
"","","Чистка после попадания влаги","укажите цену"
"","Honor 8","Замена экрана","укажите цену"
"","","Замена аккумулятора","укажите цену"
"","","Замена корпуса","укажите цену"
"","","Замена разъема зарядки","укажите цену"
"","","Чистка после попадания влаги","укажите цену"
"","Honor 8A","Замена экрана","укажите цену"
"","","Замена аккумулятора","укажите цену"
"","","Замена корпуса","укажите цену"
"","","Замена разъема зарядки","укажите цену"
"","","Чистка после попадания влаги","укажите цену"
"","Honor 8C","Замена экрана","укажите цену"
"","","Замена аккумулятора","укажите цену"
"","","Замена корпуса","укажите цену"
"","","Замена разъема зарядки","укажите цену"
"","","Чистка после попадания влаги","укажите цену"
"","Honor 8S","Замена экрана","укажите цену"
"","","Замена аккумулятора","укажите цену"
"","","Замена корпуса","укажите цену"
"","","Замена разъема зарядки","укажите цену"
"","","Чистка после попадания влаги","укажите цену"
"","Honor 8X","Замена экрана","укажите цену"
"","","Замена аккумулятора","укажите цену"
"","","Замена корпуса","укажите цену"
"","","Замена разъема зарядки","укажите цену"
"","","Чистка после попадания влаги","укажите цену"
"","Honor 9","Замена экрана","укажите цену"
"","","Замена аккумулятора","укажите цену"
"","","Замена корпуса","укажите цену"
"","","Замена разъема зарядки","укажите цену"
"","","Чистка после попадания влаги","укажите цену"
"","Honor 9 Lite","Замена экрана","укажите цену"
"","","Замена аккумулятора","укажите цену"
"","","Замена корпуса","укажите цену"
"","","Замена разъема зарядки","укажите цену"
"","","Чистка после попадания влаги","укажите цену"
"","Honor 9A","Замена экрана","укажите цену"
"","","Замена аккумулятора","укажите цену"
"","","Замена корпуса","укажите цену"
"","","Замена разъема зарядки","укажите цену"
"","","Чистка после попадания влаги","укажите цену"
"","Honor 9C","Замена экрана","укажите цену"
"","","Замена аккумулятора","укажите цену"
"","","Замена корпуса","укажите цену"
"","","Замена разъема зарядки","укажите цену"
"","","Чистка после попадания влаги","укажите цену"
"","Honor 9S","Замена экрана","укажите цену"
"","","Замена аккумулятора","укажите цену"
"","","Замена корпуса","укажите цену"
"","","Замена разъема зарядки","укажите цену"
"","","Чистка после попадания влаги","укажите цену"
"","Honor 9X","Замена экрана","укажите цену"
"","","Замена аккумулятора","укажите цену"
"","","Замена корпуса","укажите цену"
"","","Замена разъема зарядки","укажите цену"
"","","Чистка после попадания влаги","укажите цену"
"","Honor View 20","Замена экрана","укажите цену"
"","","Замена аккумулятора","укажите цену"
"","","Замена корпуса","укажите цену"
"","","Замена разъема зарядки","укажите цену"
"","","Чистка после попадания влаги","укажите цену"
"","Honor X8","Замена экрана","укажите цену"
"","","Замена аккумулятора","укажите цену"
"","","Замена корпуса","укажите цену"
"","","Замена разъема зарядки","укажите цену"
"","","Чистка после попадания влаги","укажите цену"
"","Honor X9a","Замена экрана","укажите цену"
"","","Замена аккумулятора","укажите цену"
"","","Замена корпуса","укажите цену"
"","","Замена разъема зарядки","укажите цену"
"","","Чистка после попадания влаги","укажите цену"
"","Honor X7","Замена экрана","укажите цену"
"","","Замена аккумулятора","укажите цену"
"","","Замена корпуса","укажите цену"
"","","Замена разъема зарядки","укажите цену"
"","","Чистка после попадания влаги","укажите цену"
"Xiaomi","Xiaomi 11 Lite NE","Замена экрана","укажите цену"
"","","Замена аккумулятора","укажите цену"
"","","Замена корпуса","укажите цену"
"","","Замена разъема зарядки","укажите цену"
"","","Чистка после попадания влаги","укажите цену"
"","Xiaomi 11T","Замена экрана","укажите цену"
"","","Замена аккумулятора","укажите цену"
"","","Замена корпуса","укажите цену"
"","","Замена разъема зарядки","укажите цену"
"","","Чистка после попадания влаги","укажите цену"
"","Xiaomi 11T Pro","Замена экрана","укажите цену"
"","","Замена аккумулятора","укажите цену"
"","","Замена корпуса","укажите цену"
"","","Замена разъема зарядки","укажите цену"
"","","Чистка после попадания влаги","укажите цену"
"","Xiaomi 12","Замена экрана","укажите цену"
"","","Замена аккумулятора","укажите цену"
"","","Замена корпуса","укажите цену"
"","","Замена разъема зарядки","укажите цену"
"","","Чистка после попадания влаги","укажите цену"
"","Xiaomi 12 Pro","Замена экрана","укажите цену"
"","","Замена аккумулятора","укажите цену"
"","","Замена корпуса","укажите цену"
"","","Замена разъема зарядки","укажите цену"
"","","Чистка после попадания влаги","укажите цену"
"","Xiaomi 12X","Замена экрана","укажите цену"
"","","Замена аккумулятора","укажите цену"
"","","Замена корпуса","укажите цену"
"","","Замена разъема зарядки","укажите цену"
"","","Чистка после попадания влаги","укажите цену"
"","Xiaomi 13","Замена экрана","укажите цену"
"","","Замена аккумулятора","укажите цену"
"","","Замена корпуса","укажите цену"
"","","Замена разъема зарядки","укажите цену"
"","","Чистка после попадания влаги","укажите цену"
"","Xiaomi 13 Lite","Замена экрана","укажите цену"
"","","Замена аккумулятора","укажите цену"
"","","Замена корпуса","укажите цену"
"","","Замена разъема зарядки","укажите цену"
"","","Чистка после попадания влаги","укажите цену"
"","Xiaomi Mi 10","Замена экрана","укажите цену"
"","","Замена аккумулятора","укажите цену"
"","","Замена корпуса","укажите цену"
"","","Замена разъема зарядки","укажите цену"
"","","Чистка после попадания влаги","укажите цену"
"","Xiaomi Mi 10T","Замена экрана","укажите цену"
"","","Замена аккумулятора","укажите цену"
"","","Замена корпуса","укажите цену"
"","","Замена разъема зарядки","укажите цену"
"","","Чистка после попадания влаги","укажите цену"
"","Xiaomi Mi 10T Pro","Замена экрана","укажите цену"
"","","Замена аккумулятора","укажите цену"
"","","Замена корпуса","укажите цену"
"","","Замена разъема зарядки","укажите цену"
"","","Чистка после попадания влаги","укажите цену"
"","Xiaomi Mi 11 Lite","Замена экрана","укажите цену"
"","","Замена аккумулятора","укажите цену"
"","","Замена корпуса","укажите цену"
"","","Замена разъема зарядки","укажите цену"
"","","Чистка после попадания влаги","укажите цену"
"","Xiaomi Mi 11 Lite 5G","Замена экрана","укажите цену"
"","","Замена аккумулятора","укажите цену"
"","","Замена корпуса","укажите цену"
"","","Замена разъема зарядки","укажите цену"
"","","Чистка после попадания влаги","укажите цену"
"","Xiaomi Mi 11 Pro","Замена экрана","укажите цену"
"","","Замена аккумулятора","укажите цену"
"","","Замена корпуса","укажите цену"
"","","Замена разъема зарядки","укажите цену"
"","","Чистка после попадания влаги","укажите цену"
"","Xiaomi Mi 11 Ultra","Замена экрана","укажите цену"
"","","Замена аккумулятора","укажите цену"
"","","Замена корпуса","укажите цену"
"","","Замена разъема зарядки","укажите цену"
"","","Чистка после попадания влаги","укажите цену"
"","Xiaomi Mi 9 SE","Замена экрана","укажите цену"
"","","Замена аккумулятора","укажите цену"
"","","Замена корпуса","укажите цену"
"","","Замена разъема зарядки","укажите цену"
"","","Чистка после попадания влаги","укажите цену"
"","Xiaomi MI 9T","Замена экрана","укажите цену"
"","","Замена аккумулятора","укажите цену"
"","","Замена корпуса","укажите цену"
"","","Замена разъема зарядки","укажите цену"
"","","Чистка после попадания влаги","укажите цену"
"","Xiaomi MI 9T Pro","Замена экрана","укажите цену"
"","","Замена аккумулятора","укажите цену"
"","","Замена корпуса","укажите цену"
"","","Замена разъема зарядки","укажите цену"
"","","Чистка после попадания влаги","укажите цену"
"","Xiaomi Mi Note 10","Замена экрана","укажите цену"
"","","Замена аккумулятора","укажите цену"
"","","Замена корпуса","укажите цену"
"","","Замена разъема зарядки","укажите цену"
"","","Чистка после попадания влаги","укажите цену"
"","Xiaomi Mi Note 10 Lite","Замена экрана","укажите цену"
"","","Замена аккумулятора","укажите цену"
"","","Замена корпуса","укажите цену"
"","","Замена разъема зарядки","укажите цену"
"","","Чистка после попадания влаги","укажите цену"
"","Xiaomi Mi Note 10 Pro","Замена экрана","укажите цену"
"","","Замена аккумулятора","укажите цену"
"","","Замена корпуса","укажите цену"
"","","Замена разъема зарядки","укажите цену"
"","","Чистка после попадания влаги","укажите цену"
"","Xiaomi Mi Note 2","Замена экрана","укажите цену"
"","","Замена аккумулятора","укажите цену"
"","","Замена корпуса","укажите цену"
"","","Замена разъема зарядки","укажите цену"
"","","Чистка после попадания влаги","укажите цену"
"","Xiaomi Poco X5","Замена экрана","укажите цену"
"","","Замена аккумулятора","укажите цену"
"","","Замена корпуса","укажите цену"
"","","Замена разъема зарядки","укажите цену"
"","","Чистка после попадания влаги","укажите цену"
"","Xiaomi Poco X5 Pro","Замена экрана","укажите цену"
"","","Замена аккумулятора","укажите цену"
"","","Замена корпуса","укажите цену"
"","","Замена разъема зарядки","укажите цену"
"","","Чистка после попадания влаги","укажите цену"
"","Xiaomi Redmi 5","Замена экрана","укажите цену"
"","","Замена аккумулятора","укажите цену"
"","","Замена корпуса","укажите цену"
"","","Замена разъема зарядки","укажите цену"
"","","Чистка после попадания влаги","укажите цену"
"","Xiaomi Redmi 5 Plus","Замена экрана","укажите цену"
"","","Замена аккумулятора","укажите цену"
"","","Замена корпуса","укажите цену"
"","","Замена разъема зарядки","укажите цену"
"","","Чистка после попадания влаги","укажите цену"
"","Xiaomi Redmi 7","Замена экрана","укажите цену"
"","","Замена аккумулятора","укажите цену"
"","","Замена корпуса","укажите цену"
"","","Замена разъема зарядки","укажите цену"
"","","Чистка после попадания влаги","укажите цену"
"","Xiaomi Redmi 7a","Замена экрана","укажите цену"
"","","Замена аккумулятора","укажите цену"
"","","Замена корпуса","укажите цену"
"","","Замена разъема зарядки","укажите цену"
"","","Чистка после попадания влаги","укажите цену"
"","Xiaomi Redmi 8","Замена экрана","укажите цену"
"","","Замена аккумулятора","укажите цену"
"","","Замена корпуса","укажите цену"
"","","Замена разъема зарядки","укажите цену"
"","","Чистка после попадания влаги","укажите цену"
"","Xiaomi Redmi 9","Замена экрана","укажите цену"
"","","Замена аккумулятора","укажите цену"
"","","Замена корпуса","укажите цену"
"","","Замена разъема зарядки","укажите цену"
"","","Чистка после попадания влаги","укажите цену"
"","Xiaomi Redmi 9A","Замена экрана","укажите цену"
"","","Замена аккумулятора","укажите цену"
"","","Замена корпуса","укажите цену"
"","","Замена разъема зарядки","укажите цену"
"","","Чистка после попадания влаги","укажите цену"
"","Xiaomi Redmi 9C","Замена экрана","укажите цену"
"","","Замена аккумулятора","укажите цену"
"","","Замена корпуса","укажите цену"
"","","Замена разъема зарядки","укажите цену"
"","","Чистка после попадания влаги","укажите цену"
"","Xiaomi Redmi 9T","Замена экрана","укажите цену"
"","","Замена аккумулятора","укажите цену"
"","","Замена корпуса","укажите цену"
"","","Замена разъема зарядки","укажите цену"
"","","Чистка после попадания влаги","укажите цену"
"","Xiaomi Redmi Note 10","Замена экрана","укажите цену"
"","","Замена аккумулятора","укажите цену"
"","","Замена корпуса","укажите цену"
"","","Замена разъема зарядки","укажите цену"
"","","Чистка после попадания влаги","укажите цену"
"","Xiaomi Redmi Note 10 Pro","Замена экрана","укажите цену"
"","","Замена аккумулятора","укажите цену"
"","","Замена корпуса","укажите цену"
"","","Замена разъема зарядки","укажите цену"
"","","Чистка после попадания влаги","укажите цену"
"","Xiaomi Redmi Note 4","Замена экрана","укажите цену"
"","","Замена аккумулятора","укажите цену"
"","","Замена корпуса","укажите цену"
"","","Замена разъема зарядки","укажите цену"
"","","Чистка после попадания влаги","укажите цену"
"","Xiaomi Redmi Note 5","Замена экрана","укажите цену"
"","","Замена аккумулятора","укажите цену"
"","","Замена корпуса","укажите цену"
"","","Замена разъема зарядки","укажите цену"
"","","Чистка после попадания влаги","укажите цену"
"","Xiaomi Redmi Note 7","Замена экрана","укажите цену"
"","","Замена аккумулятора","укажите цену"
"","","Замена корпуса","укажите цену"
"","","Замена разъема зарядки","укажите цену"
"","","Чистка после попадания влаги","укажите цену"
"","Xiaomi Redmi Note 8","Замена экрана","укажите цену"
"","","Замена аккумулятора","укажите цену"
"","","Замена корпуса","укажите цену"
"","","Замена разъема зарядки","укажите цену"
"","","Чистка после попадания влаги","укажите цену"
"","Xiaomi Redmi Note 8 Pro","Замена экрана","укажите цену"
"","","Замена аккумулятора","укажите цену"
"","","Замена корпуса","укажите цену"
"","","Замена разъема зарядки","укажите цену"
"","","Чистка после попадания влаги","укажите цену"
"","Xiaomi Redmi Note 8T","Замена экрана","укажите цену"
"","","Замена аккумулятора","укажите цену"
"","","Замена корпуса","укажите цену"
"","","Замена разъема зарядки","укажите цену"
"","","Чистка после попадания влаги","укажите цену"
"","Xiaomi Redmi Note 9","Замена экрана","укажите цену"
"","","Замена аккумулятора","укажите цену"
"","","Замена корпуса","укажите цену"
"","","Замена разъема зарядки","укажите цену"
"","","Чистка после попадания влаги","укажите цену"
"","Xiaomi Redmi Note 9 Pro","Замена экрана","укажите цену"
"","","Замена аккумулятора","укажите цену"
"","","Замена корпуса","укажите цену"
"","","Замена разъема зарядки","укажите цену"
"","","Чистка после попадания влаги","укажите цену"
"","Xiaomi Redmi Note 9S","Замена экрана","укажите цену"
"","","Замена аккумулятора","укажите цену"
"","","Замена корпуса","укажите цену"
"","","Замена разъема зарядки","укажите цену"
"","","Чистка после попадания влаги","укажите цену"
"","Xiaomi Redmi Note 9T","Замена экрана","укажите цену"
"","","Замена аккумулятора","укажите цену"
"","","Замена корпуса","укажите цену"
"","","Замена разъема зарядки","укажите цену"
"","","Чистка после попадания влаги","укажите цену"
"","Xiaomi Redmi 10","Замена экрана","укажите цену"
"","","Замена аккумулятора","укажите цену"
"","","Замена корпуса","укажите цену"
"","","Замена разъема зарядки","укажите цену"
"","","Чистка после попадания влаги","укажите цену"
"","Xiaomi Redmi 10c","Замена экрана","укажите цену"
"","","Замена аккумулятора","укажите цену"
"","","Замена корпуса","укажите цену"
"","","Замена разъема зарядки","укажите цену"
"","","Чистка после попадания влаги","укажите цену"
"","Xiaomi Redmi 12c","Замена экрана","укажите цену"
"","","Замена аккумулятора","укажите цену"
"","","Замена корпуса","укажите цену"
"","","Замена разъема зарядки","укажите цену"
"","","Чистка после попадания влаги","укажите цену"
"","Xiaomi Redmi 12","Замена экрана","укажите цену"
"","","Замена аккумулятора","укажите цену"
"","","Замена корпуса","укажите цену"
"","","Замена разъема зарядки","укажите цену"
"","","Чистка после попадания влаги","укажите цену"
"","Xiaomi Redmi Note 10S","Замена экрана","укажите цену"
"","","Замена аккумулятора","укажите цену"
"","","Замена корпуса","укажите цену"
"","","Замена разъема зарядки","укажите цену"
"","","Чистка после попадания влаги","укажите цену"
"","Xiaomi Redmi Note 11","Замена экрана","укажите цену"
"","","Замена аккумулятора","укажите цену"
"","","Замена корпуса","укажите цену"
"","","Замена разъема зарядки","укажите цену"
"","","Чистка после попадания влаги","укажите цену"
"","Xiaomi Redmi Note 11 Pro","Замена экрана","укажите цену"
"","","Замена аккумулятора","укажите цену"
"","","Замена корпуса","укажите цену"
"","","Замена разъема зарядки","укажите цену"
"","","Чистка после попадания влаги","укажите цену"
"","Xiaomi Redmi Note 11S","Замена экрана","укажите цену"
"","","Замена аккумулятора","укажите цену"
"","","Замена корпуса","укажите цену"
"","","Замена разъема зарядки","укажите цену"
"","","Чистка после попадания влаги","укажите цену"
"","Xiaomi Redmi Note 12","Замена экрана","укажите цену"
"","","Замена аккумулятора","укажите цену"
"","","Замена корпуса","укажите цену"
"","","Замена разъема зарядки","укажите цену"
"","","Чистка после попадания влаги","укажите цену"
"","Xiaomi Redmi Note 12S","Замена экрана","укажите цену"
"","","Замена аккумулятора","укажите цену"
"","","Замена корпуса","укажите цену"
"","","Замена разъема зарядки","укажите цену"
"","","Чистка после попадания влаги","укажите цену"
"","Xiaomi Redmi Note 12 Pro","Замена экрана","укажите цену"
"","","Замена аккумулятора","укажите цену"
"","","Замена корпуса","укажите цену"
"","","Замена разъема зарядки","укажите цену"
"","","Чистка после попадания влаги","укажите цену"
"","Xiaomi Poco F3","Замена экрана","укажите цену"
"","","Замена аккумулятора","укажите цену"
"","","Замена корпуса","укажите цену"
"","","Замена разъема зарядки","укажите цену"
"","","Чистка после попадания влаги","укажите цену"
"","Xiaomi Poco M3","Замена экрана","укажите цену"
"","","Замена аккумулятора","укажите цену"
"","","Замена корпуса","укажите цену"
"","","Замена разъема зарядки","укажите цену"
"","","Чистка после попадания влаги","укажите цену"
"","Xiaomi Poco M4 Pro 4G","Замена экрана","укажите цену"
"","","Замена аккумулятора","укажите цену"
"","","Замена корпуса","укажите цену"
"","","Замена разъема зарядки","укажите цену"
"","","Чистка после попадания влаги","укажите цену"
"","Xiaomi Poco M4 Pro","Замена экрана","укажите цену"
"","","Замена аккумулятора","укажите цену"
"","","Замена корпуса","укажите цену"
"","","Замена разъема зарядки","укажите цену"
"","","Чистка после попадания влаги","укажите цену"
"","Xiaomi Poco X3 Pro","Замена экрана","укажите цену"
"","","Замена аккумулятора","укажите цену"
"","","Замена корпуса","укажите цену"
"","","Замена разъема зарядки","укажите цену"
"","","Чистка после попадания влаги","укажите цену"
"","Xiaomi Poco X3","Замена экрана","укажите цену"
"","","Замена аккумулятора","укажите цену"
"","","Замена корпуса","укажите цену"
"","","Замена разъема зарядки","укажите цену"
"","","Чистка после попадания влаги","укажите цену"
"","Xiaomi Redmi 13C","Замена экрана","укажите цену"
"","","Замена аккумулятора","укажите цену"
"","","Замена корпуса","укажите цену"
"","","Замена разъема зарядки","укажите цену"
"","","Чистка после попадания влаги","укажите цену"
"","Xiaomi Redmi A3","Замена экрана","укажите цену"
"","","Замена аккумулятора","укажите цену"
"","","Замена корпуса","укажите цену"
"","","Замена разъема зарядки","укажите цену"
"","","Чистка после попадания влаги","укажите цену"
"","Xiaomi Redmi 14C","Замена экрана","укажите цену"
"","","Замена аккумулятора","укажите цену"
"","","Замена корпуса","укажите цену"
"","","Замена разъема зарядки","укажите цену"
"","","Чистка после попадания влаги","укажите цену"
"","Xiaomi Poco M5","Замена экрана","укажите цену"
"","","Замена аккумулятора","укажите цену"
"","","Замена корпуса","укажите цену"
"","","Замена разъема зарядки","укажите цену"
"","","Чистка после попадания влаги","укажите цену"
"","Xiaomi Redmi Note 13 Pro","Замена экрана","укажите цену"
"","","Замена аккумулятора","укажите цену"
"","","Замена корпуса","укажите цену"
"","","Замена разъема зарядки","укажите цену"
"","","Чистка после попадания влаги","укажите цену"
"","Xiaomi Poco M5s","Замена экрана","укажите цену"
"","","Замена аккумулятора","укажите цену"
"","","Замена корпуса","укажите цену"
"","","Замена разъема зарядки","укажите цену"
"","","Чистка после попадания влаги","укажите цену"
"","Xiaomi Poco C65","Замена экрана","укажите цену"
"","","Замена аккумулятора","укажите цену"
"","","Замена корпуса","укажите цену"
"","","Замена разъема зарядки","укажите цену"
"","","Чистка после попадания влаги","укажите цену"
"","Xiaomi Poco X6 Pro","Замена экрана","укажите цену"
"","","Замена аккумулятора","укажите цену"
"","","Замена корпуса","укажите цену"
"","","Замена разъема зарядки","укажите цену"
"","","Чистка после попадания влаги","укажите цену"
"","Xiaomi Poco C3","Замена экрана","укажите цену"
"","","Замена аккумулятора","укажите цену"
"","","Замена корпуса","укажите цену"
"","","Замена разъема зарядки","укажите цену"
"","","Чистка после попадания влаги","укажите цену"
"","Xiaomi Redmi 13","Замена экрана","укажите цену"
"","","Замена аккумулятора","укажите цену"
"","","Замена корпуса","укажите цену"
"","","Замена разъема зарядки","укажите цену"
"","","Чистка после попадания влаги","укажите цену"
"","Xiaomi Poco X4 Pro","Замена экрана","укажите цену"
"","","Замена аккумулятора","укажите цену"
"","","Замена корпуса","укажите цену"
"","","Замена разъема зарядки","укажите цену"
"","","Чистка после попадания влаги","укажите цену"
"","Xiaomi Poco M4 Pro 5G","Замена экрана","укажите цену"
"","","Замена аккумулятора","укажите цену"
"","","Замена корпуса","укажите цену"
"","","Замена разъема зарядки","укажите цену"
"","","Чистка после попадания влаги","укажите цену"
"","Xiaomi Redmi Note 14","Замена экрана","укажите цену"
"","","Замена аккумулятора","укажите цену"
"","","Замена корпуса","укажите цену"
"","","Замена разъема зарядки","укажите цену"
"","","Чистка после попадания влаги","укажите цену"
"","Xiaomi 12T","Замена экрана","укажите цену"
"","","Замена аккумулятора","укажите цену"
"","","Замена корпуса","укажите цену"
"","","Замена разъема зарядки","укажите цену"
"","","Чистка после попадания влаги","укажите цену"
"","Xiaomi 13T","Замена экрана","укажите цену"
"","","Замена аккумулятора","укажите цену"
"","","Замена корпуса","укажите цену"
"","","Замена разъема зарядки","укажите цену"
"","","Чистка после попадания влаги","укажите цену"
"","Xiaomi Poco F4","Замена экрана","укажите цену"
"","","Замена аккумулятора","укажите цену"
"","","Замена корпуса","укажите цену"
"","","Замена разъема зарядки","укажите цену"
"","","Чистка после попадания влаги","укажите цену"
"","Xiaomi Redmi Note 13","Замена экрана","укажите цену"
"","","Замена аккумулятора","укажите цену"
"","","Замена корпуса","укажите цену"
"","","Замена разъема зарядки","укажите цену"
"","","Чистка после попадания влаги","укажите цену"
"Ноутбуки","Ноутбуки MacBook","Замена экрана","укажите цену"
"","","Замена аккумулятора","укажите цену"
"","","Замена корпуса","укажите цену"
"","","Замена разъема зарядки","укажите цену"
"","","Чистка после попадания влаги","укажите цену"
"","Ноутбуки Asus","Замена экрана","укажите цену"
"","","Замена аккумулятора","укажите цену"
"","","Замена корпуса","укажите цену"
"","","Замена разъема зарядки","укажите цену"
"","","Чистка после попадания влаги","укажите цену"
"","Ноутбуки Acer","Замена экрана","укажите цену"
"","","Замена аккумулятора","укажите цену"
"","","Замена корпуса","укажите цену"
"","","Замена разъема зарядки","укажите цену"
"","","Чистка после попадания влаги","укажите цену"
"","Ноутбуки Dell","Замена экрана","укажите цену"
"","","Замена аккумулятора","укажите цену"
"","","Замена корпуса","укажите цену"
"","","Замена разъема зарядки","укажите цену"
"","","Чистка после попадания влаги","укажите цену"
"","Ноутбуки HP","Замена экрана","укажите цену"
"","","Замена аккумулятора","укажите цену"
"","","Замена корпуса","укажите цену"
"","","Замена разъема зарядки","укажите цену"
"","","Чистка после попадания влаги","укажите цену"
"","Ноутбуки Lenovo","Замена экрана","укажите цену"
"","","Замена аккумулятора","укажите цену"
"","","Замена корпуса","укажите цену"
"","","Замена разъема зарядки","укажите цену"
"","","Чистка после попадания влаги","укажите цену"
"","Ноутбуки Samsung","Замена экрана","укажите цену"
"","","Замена аккумулятора","укажите цену"
"","","Замена корпуса","укажите цену"
"","","Замена разъема зарядки","укажите цену"
"","","Чистка после попадания влаги","укажите цену"
"","Ноутбуки MSI","Замена экрана","укажите цену"
"","","Замена аккумулятора","укажите цену"
"","","Замена корпуса","укажите цену"
"","","Замена разъема зарядки","укажите цену"
"","","Чистка после попадания влаги","укажите цену"
"","Ноутбуки Huawei","Замена экрана","укажите цену"
"","","Замена аккумулятора","укажите цену"
"","","Замена корпуса","укажите цену"
"","","Замена разъема зарядки","укажите цену"
"","","Чистка после попадания влаги","укажите цену"
"iPad","iPad Air 4","Замена экрана","укажите цену"
"","","Замена аккумулятора","укажите цену"
"","","Замена корпуса","укажите цену"
"","","Замена разъема зарядки","укажите цену"
"","","Чистка после попадания влаги","укажите цену"
"","iPad Air 5","Замена экрана","укажите цену"
"","","Замена аккумулятора","укажите цену"
"","","Замена корпуса","укажите цену"
"","","Замена разъема зарядки","укажите цену"
"","","Чистка после попадания влаги","укажите цену"
"","iPad Air 3","Замена экрана","укажите цену"
"","","Замена аккумулятора","укажите цену"
"","","Замена корпуса","укажите цену"
"","","Замена разъема зарядки","укажите цену"
"","","Чистка после попадания влаги","укажите цену"
"","iPad Air 2","Замена экрана","укажите цену"
"","","Замена аккумулятора","укажите цену"
"","","Замена корпуса","укажите цену"
"","","Замена разъема зарядки","укажите цену"
"","","Чистка после попадания влаги","укажите цену"
"","iPad Air","Замена экрана","укажите цену"
"","","Замена аккумулятора","укажите цену"
"","","Замена корпуса","укажите цену"
"","","Замена разъема зарядки","укажите цену"
"","","Чистка после попадания влаги","укажите цену"
"","iPad mini 6","Замена экрана","укажите цену"
"","","Замена аккумулятора","укажите цену"
"","","Замена корпуса","укажите цену"
"","","Замена разъема зарядки","укажите цену"
"","","Чистка после попадания влаги","укажите цену"
"","iPad mini 5","Замена экрана","укажите цену"
"","","Замена аккумулятора","укажите цену"
"","","Замена корпуса","укажите цену"
"","","Замена разъема зарядки","укажите цену"
"","","Чистка после попадания влаги","укажите цену"
"","iPad mini 4","Замена экрана","укажите цену"
"","","Замена аккумулятора","укажите цену"
"","","Замена корпуса","укажите цену"
"","","Замена разъема зарядки","укажите цену"
"","","Чистка после попадания влаги","укажите цену"
"","iPad mini 3","Замена экрана","укажите цену"
"","","Замена аккумулятора","укажите цену"
"","","Замена корпуса","укажите цену"
"","","Замена разъема зарядки","укажите цену"
"","","Чистка после попадания влаги","укажите цену"
"","iPad mini 2","Замена экрана","укажите цену"
"","","Замена аккумулятора","укажите цену"
"","","Замена корпуса","укажите цену"
"","","Замена разъема зарядки","укажите цену"
"","","Чистка после попадания влаги","укажите цену"
"","iPad mini","Замена экрана","укажите цену"
"","","Замена аккумулятора","укажите цену"
"","","Замена корпуса","укажите цену"
"","","Замена разъема зарядки","укажите цену"
"","","Чистка после попадания влаги","укажите цену"
"","iPad Pro 12.9 (2022)","Замена экрана","укажите цену"
"","","Замена аккумулятора","укажите цену"
"","","Замена корпуса","укажите цену"
"","","Замена разъема зарядки","укажите цену"
"","","Чистка после попадания влаги","укажите цену"
"","iPad Pro 11 (2022)","Замена экрана","укажите цену"
"","","Замена аккумулятора","укажите цену"
"","","Замена корпуса","укажите цену"
"","","Замена разъема зарядки","укажите цену"
"","","Чистка после попадания влаги","укажите цену"
"","iPad Pro 12.9 (2021)","Замена экрана","укажите цену"
"","","Замена аккумулятора","укажите цену"
"","","Замена корпуса","укажите цену"
"","","Замена разъема зарядки","укажите цену"
"","","Чистка после попадания влаги","укажите цену"
"","iPad Pro 11 (2021)","Замена экрана","укажите цену"
"","","Замена аккумулятора","укажите цену"
"","","Замена корпуса","укажите цену"
"","","Замена разъема зарядки","укажите цену"
"","","Чистка после попадания влаги","укажите цену"
"","iPad Pro 12.9 (2020)","Замена экрана","укажите цену"
"","","Замена аккумулятора","укажите цену"
"","","Замена корпуса","укажите цену"
"","","Замена разъема зарядки","укажите цену"
"","","Чистка после попадания влаги","укажите цену"
"","iPad Pro 11 (2020)","Замена экрана","укажите цену"
"","","Замена аккумулятора","укажите цену"
"","","Замена корпуса","укажите цену"
"","","Замена разъема зарядки","укажите цену"
"","","Чистка после попадания влаги","укажите цену"
"","iPad Pro 12.9 (2018)","Замена экрана","укажите цену"
"","","Замена аккумулятора","укажите цену"
"","","Замена корпуса","укажите цену"
"","","Замена разъема зарядки","укажите цену"
"","","Чистка после попадания влаги","укажите цену"
"","iPad Pro 11 (2018)","Замена экрана","укажите цену"
"","","Замена аккумулятора","укажите цену"
"","","Замена корпуса","укажите цену"
"","","Замена разъема зарядки","укажите цену"
"","","Чистка после попадания влаги","укажите цену"
"","iPad Pro 9.7","Замена экрана","укажите цену"
"","","Замена аккумулятора","укажите цену"
"","","Замена корпуса","укажите цену"
"","","Замена разъема зарядки","укажите цену"
"","","Чистка после попадания влаги","укажите цену"
"","iPad Pro 10.5","Замена экрана","укажите цену"
"","","Замена аккумулятора","укажите цену"
"","","Замена корпуса","укажите цену"
"","","Замена разъема зарядки","укажите цену"
"","","Чистка после попадания влаги","укажите цену"
"","iPad Pro 12.9 (2017)","Замена экрана","укажите цену"
"","","Замена аккумулятора","укажите цену"
"","","Замена корпуса","укажите цену"
"","","Замена разъема зарядки","укажите цену"
"","","Чистка после попадания влаги","укажите цену"
"","iPad 10","Замена экрана","укажите цену"
"","","Замена аккумулятора","укажите цену"
"","","Замена корпуса","укажите цену"
"","","Замена разъема зарядки","укажите цену"
"","","Чистка после попадания влаги","укажите цену"
"","iPad 9","Замена экрана","укажите цену"
"","","Замена аккумулятора","укажите цену"
"","","Замена корпуса","укажите цену"
"","","Замена разъема зарядки","укажите цену"
"","","Чистка после попадания влаги","укажите цену"
"","iPad 8","Замена экрана","укажите цену"
"","","Замена аккумулятора","укажите цену"
"","","Замена корпуса","укажите цену"
"","","Замена разъема зарядки","укажите цену"
"","","Чистка после попадания влаги","укажите цену"
"","iPad 7","Замена экрана","укажите цену"
"","","Замена аккумулятора","укажите цену"
"","","Замена корпуса","укажите цену"
"","","Замена разъема зарядки","укажите цену"
"","","Чистка после попадания влаги","укажите цену"
"","iPad 6","Замена экрана","укажите цену"
"","","Замена аккумулятора","укажите цену"
"","","Замена корпуса","укажите цену"
"","","Замена разъема зарядки","укажите цену"
"","","Чистка после попадания влаги","укажите цену"
"","iPad 5","Замена экрана","укажите цену"
"","","Замена аккумулятора","укажите цену"
"","","Замена корпуса","укажите цену"
"","","Замена разъема зарядки","укажите цену"
"","","Чистка после попадания влаги","укажите цену"
"","iPad 4","Замена экрана","укажите цену"
"","","Замена аккумулятора","укажите цену"
"","","Замена корпуса","укажите цену"
"","","Замена разъема зарядки","укажите цену"
"","","Чистка после попадания влаги","укажите цену"
"","iPad 3","Замена экрана","укажите цену"
"","","Замена аккумулятора","укажите цену"
"","","Замена корпуса","укажите цену"
"","","Замена разъема зарядки","укажите цену"
"","","Чистка после попадания влаги","укажите цену"
"Apple Watch","Apple Watch Series 1","Замена экрана","укажите цену"
"","","Замена аккумулятора","укажите цену"
"","","Замена корпуса","укажите цену"
"","","Замена разъема зарядки","укажите цену"
"","","Чистка после попадания влаги","укажите цену"
"","Apple Watch Series 2","Замена экрана","укажите цену"
"","","Замена аккумулятора","укажите цену"
"","","Замена корпуса","укажите цену"
"","","Замена разъема зарядки","укажите цену"
"","","Чистка после попадания влаги","укажите цену"
"","Apple Watch Series 4","Замена экрана","укажите цену"
"","","Замена аккумулятора","укажите цену"
"","","Замена корпуса","укажите цену"
"","","Замена разъема зарядки","укажите цену"
"","","Чистка после попадания влаги","укажите цену"
"","Apple Watch Series 6","Замена экрана","укажите цену"
"","","Замена аккумулятора","укажите цену"
"","","Замена корпуса","укажите цену"
"","","Замена разъема зарядки","укажите цену"
"","","Чистка после попадания влаги","укажите цену"
"","Apple Watch SE 2","Замена экрана","укажите цену"
"","","Замена аккумулятора","укажите цену"
"","","Замена корпуса","укажите цену"
"","","Замена разъема зарядки","укажите цену"
"","","Чистка после попадания влаги","укажите цену"
"","Apple Watch Series 3","Замена экрана","укажите цену"
"","","Замена аккумулятора","укажите цену"
"","","Замена корпуса","укажите цену"
"","","Замена разъема зарядки","укажите цену"
"","","Чистка после попадания влаги","укажите цену"
"","Apple Watch Series 5","Замена экрана","укажите цену"
"","","Замена аккумулятора","укажите цену"
"","","Замена корпуса","укажите цену"
"","","Замена разъема зарядки","укажите цену"
"","","Чистка после попадания влаги","укажите цену"
"","Apple Watch Series 8","Замена экрана","укажите цену"
"","","Замена аккумулятора","укажите цену"
"","","Замена корпуса","укажите цену"
"","","Замена разъема зарядки","укажите цену"
"","","Чистка после попадания влаги","укажите цену"
"","Apple Watch Series 9","Замена экрана","укажите цену"
"","","Замена аккумулятора","укажите цену"
"","","Замена корпуса","укажите цену"
"","","Замена разъема зарядки","укажите цену"
"","","Чистка после попадания влаги","укажите цену"
"","Apple Watch SE","Замена экрана","укажите цену"
"","","Замена аккумулятора","укажите цену"
"","","Замена корпуса","укажите цену"
"","","Замена разъема зарядки","укажите цену"
"","","Чистка после попадания влаги","укажите цену"
"","Apple Watch Series 7","Замена экрана","укажите цену"
"","","Замена аккумулятора","укажите цену"
"","","Замена корпуса","укажите цену"
"","","Замена разъема зарядки","укажите цену"
"","","Чистка после попадания влаги","укажите цену"
"MacBook","MacBook Retina 12""","Замена экрана","укажите цену"
"","","Замена аккумулятора","укажите цену"
"","","Замена корпуса","укажите цену"
"","","Замена разъема зарядки","укажите цену"
"","","Чистка после попадания влаги","укажите цену"
"iMac","iMac 21.5, 2019","Замена экрана","укажите цену"
"","","Замена аккумулятора","укажите цену"
"","","Замена корпуса","укажите цену"
"","","Замена разъема зарядки","укажите цену"
"","","Чистка после попадания влаги","укажите цену"
"","iMac 27, 2019","Замена экрана","укажите цену"
"","","Замена аккумулятора","укажите цену"
"","","Замена корпуса","укажите цену"
"","","Замена разъема зарядки","укажите цену"
"","","Чистка после попадания влаги","укажите цену"
"","iMac 21.5, 2017","Замена экрана","укажите цену"
"","","Замена аккумулятора","укажите цену"
"","","Замена корпуса","укажите цену"
"","","Замена разъема зарядки","укажите цену"
"","","Чистка после попадания влаги","укажите цену"
"","iMac Pro 2017","Замена экрана","укажите цену"
"","","Замена аккумулятора","укажите цену"
"","","Замена корпуса","укажите цену"
"","","Замена разъема зарядки","укажите цену"
"","","Чистка после попадания влаги","укажите цену"
"","iMac Retina 4K, 21.5, 2017","Замена экрана","укажите цену"
"","","Замена аккумулятора","укажите цену"
"","","Замена корпуса","укажите цену"
"","","Замена разъема зарядки","укажите цену"
"","","Чистка после попадания влаги","укажите цену"
"","iMac Retina 5K, 27, 2017","Замена экрана","укажите цену"
"","","Замена аккумулятора","укажите цену"
"","","Замена корпуса","укажите цену"
"","","Замена разъема зарядки","укажите цену"
"","","Чистка после попадания влаги","укажите цену"
"","iMac Retina 5K, 27, (2017) A1419","Замена экрана","укажите цену"
"","","Замена аккумулятора","укажите цену"
"","","Замена корпуса","укажите цену"
"","","Замена разъема зарядки","укажите цену"
"","","Чистка после попадания влаги","укажите цену"
"","iMac 21.5, Late 2015","Замена экрана","укажите цену"
"","","Замена аккумулятора","укажите цену"
"","","Замена корпуса","укажите цену"
"","","Замена разъема зарядки","укажите цену"
"","","Чистка после попадания влаги","укажите цену"
"","iMac Retina 4K, 21.5, Late 2015","Замена экрана","укажите цену"
"","","Замена аккумулятора","укажите цену"
"","","Замена корпуса","укажите цену"
"","","Замена разъема зарядки","укажите цену"
"","","Чистка после попадания влаги","укажите цену"
"","iMac Retina 5K, 27, Late 2015","Замена экрана","укажите цену"
"","","Замена аккумулятора","укажите цену"
"","","Замена корпуса","укажите цену"
"","","Замена разъема зарядки","укажите цену"
"","","Чистка после попадания влаги","укажите цену"
"","iMac 21.5, Mid 2014","Замена экрана","укажите цену"
"","","Замена аккумулятора","укажите цену"
"","","Замена корпуса","укажите цену"
"","","Замена разъема зарядки","укажите цену"
"","","Чистка после попадания влаги","укажите цену"
"","iMac Retina 5K, 27, Mid 2015","Замена экрана","укажите цену"
"","","Замена аккумулятора","укажите цену"
"","","Замена корпуса","укажите цену"
"","","Замена разъема зарядки","укажите цену"
"","","Чистка после попадания влаги","укажите цену"
"","iMac Retina 5K, 27, Late 2014","Замена экрана","укажите цену"
"","","Замена аккумулятора","укажите цену"
"","","Замена корпуса","укажите цену"
"","","Замена разъема зарядки","укажите цену"
"","","Чистка после попадания влаги","укажите цену"
"","iMac 21.5, Early 2013","Замена экрана","укажите цену"
"","","Замена аккумулятора","укажите цену"
"","","Замена корпуса","укажите цену"
"","","Замена разъема зарядки","укажите цену"
"","","Чистка после попадания влаги","укажите цену"
"","iMac 21.5, Late 2013","Замена экрана","укажите цену"
"","","Замена аккумулятора","укажите цену"
"","","Замена корпуса","укажите цену"
"","","Замена разъема зарядки","укажите цену"
"","","Чистка после попадания влаги","укажите цену"
"","iMac 27, 2013","Замена экрана","укажите цену"
"","","Замена аккумулятора","укажите цену"
"","","Замена корпуса","укажите цену"
"","","Замена разъема зарядки","укажите цену"
"","","Чистка после попадания влаги","укажите цену"
"","iMac 27, Late 2013","Замена экрана","укажите цену"
"","","Замена аккумулятора","укажите цену"
"","","Замена корпуса","укажите цену"
"","","Замена разъема зарядки","укажите цену"
"","","Чистка после попадания влаги","укажите цену"
"","iMac 21.5, Late 2012","Замена экрана","укажите цену"
"","","Замена аккумулятора","укажите цену"
"","","Замена корпуса","укажите цену"
"","","Замена разъема зарядки","укажите цену"
"","","Чистка после попадания влаги","укажите цену"
"","iMac 21.5, Late 2012 A1418","Замена экрана","укажите цену"
"","","Замена аккумулятора","укажите цену"
"","","Замена корпуса","укажите цену"
"","","Замена разъема зарядки","укажите цену"
"","","Чистка после попадания влаги","укажите цену"
"","iMac 27, Late 2012","Замена экрана","укажите цену"
"","","Замена аккумулятора","укажите цену"
"","","Замена корпуса","укажите цену"
"","","Замена разъема зарядки","укажите цену"
"","","Чистка после попадания влаги","укажите цену"
"","iMac 27, Mid 2012 A1312","Замена экрана","укажите цену"
"","","Замена аккумулятора","укажите цену"
"","","Замена корпуса","укажите цену"
"","","Замена разъема зарядки","укажите цену"
"","","Чистка после попадания влаги","укажите цену"
"","iMac 21.5, Late 2011","Замена экрана","укажите цену"
"","","Замена аккумулятора","укажите цену"
"","","Замена корпуса","укажите цену"
"","","Замена разъема зарядки","укажите цену"
"","","Чистка после попадания влаги","укажите цену"
"","iMac 21.5, Mid 2011","Замена экрана","укажите цену"
"","","Замена аккумулятора","укажите цену"
"","","Замена корпуса","укажите цену"
"","","Замена разъема зарядки","укажите цену"
"","","Чистка после попадания влаги","укажите цену"
"","iMac 21.5, Mid 2011 A1311","Замена экрана","укажите цену"
"","","Замена аккумулятора","укажите цену"
"","","Замена корпуса","укажите цену"
"","","Замена разъема зарядки","укажите цену"
"","","Чистка после попадания влаги","укажите цену"
"","iMac 27 A1419 (2013)","Замена экрана","укажите цену"
"","","Замена аккумулятора","укажите цену"
"","","Замена корпуса","укажите цену"
"","","Замена разъема зарядки","укажите цену"
"","","Чистка после попадания влаги","укажите цену"
"","iMac 27, Mid 2011","Замена экрана","укажите цену"
"","","Замена аккумулятора","укажите цену"
"","","Замена корпуса","укажите цену"
"","","Замена разъема зарядки","укажите цену"
"","","Чистка после попадания влаги","укажите цену"
"","iMac 27, 2010","Замена экрана","укажите цену"
"","","Замена аккумулятора","укажите цену"
"","","Замена корпуса","укажите цену"
"","","Замена разъема зарядки","укажите цену"
"","","Чистка после попадания влаги","укажите цену"
"","iMac Mid 2010 A1311","Замена экрана","укажите цену"
"","","Замена аккумулятора","укажите цену"
"","","Замена корпуса","укажите цену"
"","","Замена разъема зарядки","укажите цену"
"","","Чистка после попадания влаги","укажите цену"
"","iMac Mid 2010 A1312","Замена экрана","укажите цену"
"","","Замена аккумулятора","укажите цену"
"","","Замена корпуса","укажите цену"
"","","Замена разъема зарядки","укажите цену"
"","","Чистка после попадания влаги","укажите цену"
"","iMac 20, 2009","Замена экрана","укажите цену"
"","","Замена аккумулятора","укажите цену"
"","","Замена корпуса","укажите цену"
"","","Замена разъема зарядки","укажите цену"
"","","Чистка после попадания влаги","укажите цену"
"","iMac 21.5, 2009","Замена экрана","укажите цену"
"","","Замена аккумулятора","укажите цену"
"","","Замена корпуса","укажите цену"
"","","Замена разъема зарядки","укажите цену"
"","","Чистка после попадания влаги","укажите цену"
"","iMac 24, 2009","Замена экрана","укажите цену"
"","","Замена аккумулятора","укажите цену"
"","","Замена корпуса","укажите цену"
"","","Замена разъема зарядки","укажите цену"
"","","Чистка после попадания влаги","укажите цену"
"","iMac 27, 2009","Замена экрана","укажите цену"
"","","Замена аккумулятора","укажите цену"
"","","Замена корпуса","укажите цену"
"","","Замена разъема зарядки","укажите цену"
"","","Чистка после попадания влаги","укажите цену"
"Компьютеры","Компьютеры","Замена экрана","укажите цену"
"","","Замена аккумулятора","укажите цену"
"","","Замена корпуса","укажите цену"
"","","Замена разъема зарядки","укажите цену"
"","","Чистка после попадания влаги","укажите цену"
"Планшеты","Планшеты iPad","Замена экрана","укажите цену"
"","","Замена аккумулятора","укажите цену"
"","","Замена корпуса","укажите цену"
"","","Замена разъема зарядки","укажите цену"
"","","Чистка после попадания влаги","укажите цену"
"","Планшеты LG","Замена экрана","укажите цену"
"","","Замена аккумулятора","укажите цену"
"","","Замена корпуса","укажите цену"
"","","Замена разъема зарядки","укажите цену"
"","","Чистка после попадания влаги","укажите цену"
"","Планшеты Xiaomi","Замена экрана","укажите цену"
"","","Замена аккумулятора","укажите цену"
"","","Замена корпуса","укажите цену"
"","","Замена разъема зарядки","укажите цену"
"","","Чистка после попадания влаги","укажите цену"
"","Планшеты Lenovo","Замена экрана","укажите цену"
"","","Замена аккумулятора","укажите цену"
"","","Замена корпуса","укажите цену"
"","","Замена разъема зарядки","укажите цену"
"","","Чистка после попадания влаги","укажите цену"
"","Планшеты Acer","Замена экрана","укажите цену"
"","","Замена аккумулятора","укажите цену"
"","","Замена корпуса","укажите цену"
"","","Замена разъема зарядки","укажите цену"
"","","Чистка после попадания влаги","укажите цену"
"","Планшеты Sony","Замена экрана","укажите цену"
"","","Замена аккумулятора","укажите цену"
"","","Замена корпуса","укажите цену"
"","","Замена разъема зарядки","укажите цену"
"","","Чистка после попадания влаги","укажите цену"
"","Планшеты Asus","Замена экрана","укажите цену"
"","","Замена аккумулятора","укажите цену"
"","","Замена корпуса","укажите цену"
"","","Замена разъема зарядки","укажите цену"
"","","Чистка после попадания влаги","укажите цену"
"","Планшеты Huawei","Замена экрана","укажите цену"
"","","Замена аккумулятора","укажите цену"
"","","Замена корпуса","укажите цену"
"","","Замена разъема зарядки","укажите цену"
"","","Чистка после попадания влаги","укажите цену"
"","Планшеты Nokia","Замена экрана","укажите цену"
"","","Замена аккумулятора","укажите цену"
"","","Замена корпуса","укажите цену"
"","","Замена разъема зарядки","укажите цену"
"","","Чистка после попадания влаги","укажите цену"
"","Планшеты Samsung","Замена экрана","укажите цену"
"","","Замена аккумулятора","укажите цену"
"","","Замена корпуса","укажите цену"
"","","Замена разъема зарядки","укажите цену"
"","","Чистка после попадания влаги","укажите цену"
"Meizu","Meizu 16 Plus","Замена экрана","укажите цену"
"","","Замена аккумулятора","укажите цену"
"","","Замена корпуса","укажите цену"
"","","Замена разъема зарядки","укажите цену"
"","","Чистка после попадания влаги","укажите цену"
"","Meizu 16s","Замена экрана","укажите цену"
"","","Замена аккумулятора","укажите цену"
"","","Замена корпуса","укажите цену"
"","","Замена разъема зарядки","укажите цену"
"","","Чистка после попадания влаги","укажите цену"
"","Meizu 16xs","Замена экрана","укажите цену"
"","","Замена аккумулятора","укажите цену"
"","","Замена корпуса","укажите цену"
"","","Замена разъема зарядки","укажите цену"
"","","Чистка после попадания влаги","укажите цену"
"","Meizu E2","Замена экрана","укажите цену"
"","","Замена аккумулятора","укажите цену"
"","","Замена корпуса","укажите цену"
"","","Замена разъема зарядки","укажите цену"
"","","Чистка после попадания влаги","укажите цену"
"","Meizu M2 mini","Замена экрана","укажите цену"
"","","Замена аккумулятора","укажите цену"
"","","Замена корпуса","укажите цену"
"","","Замена разъема зарядки","укажите цену"
"","","Чистка после попадания влаги","укажите цену"
"","Meizu M2 Note","Замена экрана","укажите цену"
"","","Замена аккумулятора","укажите цену"
"","","Замена корпуса","укажите цену"
"","","Замена разъема зарядки","укажите цену"
"","","Чистка после попадания влаги","укажите цену"
"","Meizu M3 Max","Замена экрана","укажите цену"
"","","Замена аккумулятора","укажите цену"
"","","Замена корпуса","укажите цену"
"","","Замена разъема зарядки","укажите цену"
"","","Чистка после попадания влаги","укажите цену"
"","Meizu M8c","Замена экрана","укажите цену"
"","","Замена аккумулятора","укажите цену"
"","","Замена корпуса","укажите цену"
"","","Замена разъема зарядки","укажите цену"
"","","Чистка после попадания влаги","укажите цену"
"","Meizu MX2","Замена экрана","укажите цену"
"","","Замена аккумулятора","укажите цену"
"","","Замена корпуса","укажите цену"
"","","Замена разъема зарядки","укажите цену"
"","","Чистка после попадания влаги","укажите цену"
"","Meizu MX4","Замена экрана","укажите цену"
"","","Замена аккумулятора","укажите цену"
"","","Замена корпуса","укажите цену"
"","","Замена разъема зарядки","укажите цену"
"","","Чистка после попадания влаги","укажите цену"
"","Meizu MX5","Замена экрана","укажите цену"
"","","Замена аккумулятора","укажите цену"
"","","Замена корпуса","укажите цену"
"","","Замена разъема зарядки","укажите цену"
"","","Чистка после попадания влаги","укажите цену"
"","Meizu Note 9","Замена экрана","укажите цену"
"","","Замена аккумулятора","укажите цену"
"","","Замена корпуса","укажите цену"
"","","Замена разъема зарядки","укажите цену"
"","","Чистка после попадания влаги","укажите цену"
"","Meizu Pro 6","Замена экрана","укажите цену"
"","","Замена аккумулятора","укажите цену"
"","","Замена корпуса","укажите цену"
"","","Замена разъема зарядки","укажите цену"
"","","Чистка после попадания влаги","укажите цену"
"","Meizu Pro 6s","Замена экрана","укажите цену"
"","","Замена аккумулятора","укажите цену"
"","","Замена корпуса","укажите цену"
"","","Замена разъема зарядки","укажите цену"
"","","Чистка после попадания влаги","укажите цену"
"Huawei","Huawei Ascend P7","Замена экрана","укажите цену"
"","","Замена аккумулятора","укажите цену"
"","","Замена корпуса","укажите цену"
"","","Замена разъема зарядки","укажите цену"
"","","Чистка после попадания влаги","укажите цену"
"","Huawei Mate 20 Pro","Замена экрана","укажите цену"
"","","Замена аккумулятора","укажите цену"
"","","Замена корпуса","укажите цену"
"","","Замена разъема зарядки","укажите цену"
"","","Чистка после попадания влаги","укажите цену"
"","Huawei Mate 20 X","Замена экрана","укажите цену"
"","","Замена аккумулятора","укажите цену"
"","","Замена корпуса","укажите цену"
"","","Замена разъема зарядки","укажите цену"
"","","Чистка после попадания влаги","укажите цену"
"","Huawei Mate 30 Pro","Замена экрана","укажите цену"
"","","Замена аккумулятора","укажите цену"
"","","Замена корпуса","укажите цену"
"","","Замена разъема зарядки","укажите цену"
"","","Чистка после попадания влаги","укажите цену"
"","Huawei Mate 40 Pro","Замена экрана","укажите цену"
"","","Замена аккумулятора","укажите цену"
"","","Замена корпуса","укажите цену"
"","","Замена разъема зарядки","укажите цену"
"","","Чистка после попадания влаги","укажите цену"
"","Huawei Mate Xs","Замена экрана","укажите цену"
"","","Замена аккумулятора","укажите цену"
"","","Замена корпуса","укажите цену"
"","","Замена разъема зарядки","укажите цену"
"","","Чистка после попадания влаги","укажите цену"
"","Huawei Nova","Замена экрана","укажите цену"
"","","Замена аккумулятора","укажите цену"
"","","Замена корпуса","укажите цену"
"","","Замена разъема зарядки","укажите цену"
"","","Чистка после попадания влаги","укажите цену"
"","Huawei Nova 10 Pro","Замена экрана","укажите цену"
"","","Замена аккумулятора","укажите цену"
"","","Замена корпуса","укажите цену"
"","","Замена разъема зарядки","укажите цену"
"","","Чистка после попадания влаги","укажите цену"
"","Huawei Nova 2s","Замена экрана","укажите цену"
"","","Замена аккумулятора","укажите цену"
"","","Замена корпуса","укажите цену"
"","","Замена разъема зарядки","укажите цену"
"","","Чистка после попадания влаги","укажите цену"
"","Huawei Nova 3","Замена экрана","укажите цену"
"","","Замена аккумулятора","укажите цену"
"","","Замена корпуса","укажите цену"
"","","Замена разъема зарядки","укажите цену"
"","","Чистка после попадания влаги","укажите цену"
"","Huawei Nova 5T","Замена экрана","укажите цену"
"","","Замена аккумулятора","укажите цену"
"","","Замена корпуса","укажите цену"
"","","Замена разъема зарядки","укажите цену"
"","","Чистка после попадания влаги","укажите цену"
"","Huawei Nova 8","Замена экрана","укажите цену"
"","","Замена аккумулятора","укажите цену"
"","","Замена корпуса","укажите цену"
"","","Замена разъема зарядки","укажите цену"
"","","Чистка после попадания влаги","укажите цену"
"","Huawei Nova 8i","Замена экрана","укажите цену"
"","","Замена аккумулятора","укажите цену"
"","","Замена корпуса","укажите цену"
"","","Замена разъема зарядки","укажите цену"
"","","Чистка после попадания влаги","укажите цену"
"","Huawei Nova 9","Замена экрана","укажите цену"
"","","Замена аккумулятора","укажите цену"
"","","Замена корпуса","укажите цену"
"","","Замена разъема зарядки","укажите цену"
"","","Чистка после попадания влаги","укажите цену"
"","Huawei Nova y90","Замена экрана","укажите цену"
"","","Замена аккумулятора","укажите цену"
"","","Замена корпуса","укажите цену"
"","","Замена разъема зарядки","укажите цену"
"","","Чистка после попадания влаги","укажите цену"
"","Huawei P20","Замена экрана","укажите цену"
"","","Замена аккумулятора","укажите цену"
"","","Замена корпуса","укажите цену"
"","","Замена разъема зарядки","укажите цену"
"","","Чистка после попадания влаги","укажите цену"
"","Huawei P20 Lite","Замена экрана","укажите цену"
"","","Замена аккумулятора","укажите цену"
"","","Замена корпуса","укажите цену"
"","","Замена разъема зарядки","укажите цену"
"","","Чистка после попадания влаги","укажите цену"
"","Huawei P20 Pro","Замена экрана","укажите цену"
"","","Замена аккумулятора","укажите цену"
"","","Замена корпуса","укажите цену"
"","","Замена разъема зарядки","укажите цену"
"","","Чистка после попадания влаги","укажите цену"
"","Huawei P30","Замена экрана","укажите цену"
"","","Замена аккумулятора","укажите цену"
"","","Замена корпуса","укажите цену"
"","","Замена разъема зарядки","укажите цену"
"","","Чистка после попадания влаги","укажите цену"
"","Huawei P30 Lite","Замена экрана","укажите цену"
"","","Замена аккумулятора","укажите цену"
"","","Замена корпуса","укажите цену"
"","","Замена разъема зарядки","укажите цену"
"","","Чистка после попадания влаги","укажите цену"
"","Huawei P30 lite New Edition","Замена экрана","укажите цену"
"","","Замена аккумулятора","укажите цену"
"","","Замена корпуса","укажите цену"
"","","Замена разъема зарядки","укажите цену"
"","","Чистка после попадания влаги","укажите цену"
"","Huawei P30 Pro","Замена экрана","укажите цену"
"","","Замена аккумулятора","укажите цену"
"","","Замена корпуса","укажите цену"
"","","Замена разъема зарядки","укажите цену"
"","","Чистка после попадания влаги","укажите цену"
"","Huawei P40","Замена экрана","укажите цену"
"","","Замена аккумулятора","укажите цену"
"","","Замена корпуса","укажите цену"
"","","Замена разъема зарядки","укажите цену"
"","","Чистка после попадания влаги","укажите цену"
"","Huawei P40 Lite","Замена экрана","укажите цену"
"","","Замена аккумулятора","укажите цену"
"","","Замена корпуса","укажите цену"
"","","Замена разъема зарядки","укажите цену"
"","","Чистка после попадания влаги","укажите цену"
"","Huawei P40 Lite E","Замена экрана","укажите цену"
"","","Замена аккумулятора","укажите цену"
"","","Замена корпуса","укажите цену"
"","","Замена разъема зарядки","укажите цену"
"","","Чистка после попадания влаги","укажите цену"
"","Huawei P40 Pro","Замена экрана","укажите цену"
"","","Замена аккумулятора","укажите цену"
"","","Замена корпуса","укажите цену"
"","","Замена разъема зарядки","укажите цену"
"","","Чистка после попадания влаги","укажите цену"
"","Huawei P40 Pro+","Замена экрана","укажите цену"
"","","Замена аккумулятора","укажите цену"
"","","Замена корпуса","укажите цену"
"","","Замена разъема зарядки","укажите цену"
"","","Чистка после попадания влаги","укажите цену"
"","Huawei P50 Pro","Замена экрана","укажите цену"
"","","Замена аккумулятора","укажите цену"
"","","Замена корпуса","укажите цену"
"","","Замена разъема зарядки","укажите цену"
"","","Чистка после попадания влаги","укажите цену"
"","Huawei P Smart","Замена экрана","укажите цену"
"","","Замена аккумулятора","укажите цену"
"","","Замена корпуса","укажите цену"
"","","Замена разъема зарядки","укажите цену"
"","","Чистка после попадания влаги","укажите цену"
"","Huawei P Smart 2019","Замена экрана","укажите цену"
"","","Замена аккумулятора","укажите цену"
"","","Замена корпуса","укажите цену"
"","","Замена разъема зарядки","укажите цену"
"","","Чистка после попадания влаги","укажите цену"
"","Huawei P smart 2021","Замена экрана","укажите цену"
"","","Замена аккумулятора","укажите цену"
"","","Замена корпуса","укажите цену"
"","","Замена разъема зарядки","укажите цену"
"","","Чистка после попадания влаги","укажите цену"
"","Huawei P Smart Z","Замена экрана","укажите цену"
"","","Замена аккумулятора","укажите цену"
"","","Замена корпуса","укажите цену"
"","","Замена разъема зарядки","укажите цену"
"","","Чистка после попадания влаги","укажите цену"
"","Huawei Y5 (2019)","Замена экрана","укажите цену"
"","","Замена аккумулятора","укажите цену"
"","","Замена корпуса","укажите цену"
"","","Замена разъема зарядки","укажите цену"
"","","Чистка после попадания влаги","укажите цену"
"","Huawei Y5p","Замена экрана","укажите цену"
"","","Замена аккумулятора","укажите цену"
"","","Замена корпуса","укажите цену"
"","","Замена разъема зарядки","укажите цену"
"","","Чистка после попадания влаги","укажите цену"
"","Huawei Y6 (2019)","Замена экрана","укажите цену"
"","","Замена аккумулятора","укажите цену"
"","","Замена корпуса","укажите цену"
"","","Замена разъема зарядки","укажите цену"
"","","Чистка после попадания влаги","укажите цену"
"","Huawei Y6p","Замена экрана","укажите цену"
"","","Замена аккумулятора","укажите цену"
"","","Замена корпуса","укажите цену"
"","","Замена разъема зарядки","укажите цену"
"","","Чистка после попадания влаги","укажите цену"
"","Huawei Y6s","Замена экрана","укажите цену"
"","","Замена аккумулятора","укажите цену"
"","","Замена корпуса","укажите цену"
"","","Замена разъема зарядки","укажите цену"
"","","Чистка после попадания влаги","укажите цену"
"","Huawei Y7 (2019)","Замена экрана","укажите цену"
"","","Замена аккумулятора","укажите цену"
"","","Замена корпуса","укажите цену"
"","","Замена разъема зарядки","укажите цену"
"","","Чистка после попадания влаги","укажите цену"
"","Huawei Y8p","Замена экрана","укажите цену"
"","","Замена аккумулятора","укажите цену"
"","","Замена корпуса","укажите цену"
"","","Замена разъема зарядки","укажите цену"
"","","Чистка после попадания влаги","укажите цену"
"","Huawei Y9S","Замена экрана","укажите цену"
"","","Замена аккумулятора","укажите цену"
"","","Замена корпуса","укажите цену"
"","","Замена разъема зарядки","укажите цену"
"","","Чистка после попадания влаги","укажите цену"
"","Huawei Mate X3","Замена экрана","укажите цену"
"","","Замена аккумулятора","укажите цену"
"","","Замена корпуса","укажите цену"
"","","Замена разъема зарядки","укажите цену"
"","","Чистка после попадания влаги","укажите цену"
"ASUS","ASUS ROG Phone 3","Замена экрана","укажите цену"
"","","Замена аккумулятора","укажите цену"
"","","Замена корпуса","укажите цену"
"","","Замена разъема зарядки","укажите цену"
"","","Чистка после попадания влаги","укажите цену"
"","ASUS ROG Phone 5","Замена экрана","укажите цену"
"","","Замена аккумулятора","укажите цену"
"","","Замена корпуса","укажите цену"
"","","Замена разъема зарядки","укажите цену"
"","","Чистка после попадания влаги","укажите цену"
"","ASUS Zenfone 7","Замена экрана","укажите цену"
"","","Замена аккумулятора","укажите цену"
"","","Замена корпуса","укажите цену"
"","","Замена разъема зарядки","укажите цену"
"","","Чистка после попадания влаги","укажите цену"
"","ASUS ZenFone 8 Flip","Замена экрана","укажите цену"
"","","Замена аккумулятора","укажите цену"
"","","Замена корпуса","укажите цену"
"","","Замена разъема зарядки","укажите цену"
"","","Чистка после попадания влаги","укажите цену"
"","ASUS Zenfone 6","Замена экрана","укажите цену"
"","","Замена аккумулятора","укажите цену"
"","","Замена корпуса","укажите цену"
"","","Замена разъема зарядки","укажите цену"
"","","Чистка после попадания влаги","укажите цену"
"","ASUS ZenFone 7 Pro","Замена экрана","укажите цену"
"","","Замена аккумулятора","укажите цену"
"","","Замена корпуса","укажите цену"
"","","Замена разъема зарядки","укажите цену"
"","","Чистка после попадания влаги","укажите цену"
"","ASUS ROG Phone 5s","Замена экрана","укажите цену"
"","","Замена аккумулятора","укажите цену"
"","","Замена корпуса","укажите цену"
"","","Замена разъема зарядки","укажите цену"
"","","Чистка после попадания влаги","укажите цену"
"","ASUS Zenfone 8","Замена экрана","укажите цену"
"","","Замена аккумулятора","укажите цену"
"","","Замена корпуса","укажите цену"
"","","Замена разъема зарядки","укажите цену"
"","","Чистка после попадания влаги","укажите цену"
"","ASUS Zenfone Go ZB500KL","Замена экрана","укажите цену"
"","","Замена аккумулятора","укажите цену"
"","","Замена корпуса","укажите цену"
"","","Замена разъема зарядки","укажите цену"
"","","Чистка после попадания влаги","укажите цену"
"MacBook Pro","MacBook Pro 16""","Замена экрана","укажите цену"
"","","Замена аккумулятора","укажите цену"
"","","Замена корпуса","укажите цену"
"","","Замена разъема зарядки","укажите цену"
"","","Чистка после попадания влаги","укажите цену"
"","MacBook Pro 14""","Замена экрана","укажите цену"
"","","Замена аккумулятора","укажите цену"
"","","Замена корпуса","укажите цену"
"","","Замена разъема зарядки","укажите цену"
"","","Чистка после попадания влаги","укажите цену"
"","MacBook Pro 13""","Замена экрана","укажите цену"
"","","Замена аккумулятора","укажите цену"
"","","Замена корпуса","укажите цену"
"","","Замена разъема зарядки","укажите цену"
"","","Чистка после попадания влаги","укажите цену"
"","MacBook Pro 15""","Замена экрана","укажите цену"
"","","Замена аккумулятора","укажите цену"
"","","Замена корпуса","укажите цену"
"","","Замена разъема зарядки","укажите цену"
"","","Чистка после попадания влаги","укажите цену"
"","MacBook Pro 17""","Замена экрана","укажите цену"
"","","Замена аккумулятора","укажите цену"
"","","Замена корпуса","укажите цену"
"","","Замена разъема зарядки","укажите цену"
"","","Чистка после попадания влаги","укажите цену"
"MacBook Air","MacBook Air 13""","Замена экрана","укажите цену"
"","","Замена аккумулятора","укажите цену"
"","","Замена корпуса","укажите цену"
"","","Замена разъема зарядки","укажите цену"
"","","Чистка после попадания влаги","укажите цену"
"","MacBook Air 11""","Замена экрана","укажите цену"
"","","Замена аккумулятора","укажите цену"
"","","Замена корпуса","укажите цену"
"","","Замена разъема зарядки","укажите цену"
"","","Чистка после попадания влаги","укажите цену"
"Blackview","Blackview BV5900","Замена экрана","укажите цену"
"","","Замена аккумулятора","укажите цену"
"","","Замена корпуса","укажите цену"
"","","Замена разъема зарядки","укажите цену"
"","","Чистка после попадания влаги","укажите цену"
"","Blackview BV9900 Pro","Замена экрана","укажите цену"
"","","Замена аккумулятора","укажите цену"
"","","Замена корпуса","укажите цену"
"","","Замена разъема зарядки","укажите цену"
"","","Чистка после попадания влаги","укажите цену"
"","Blackview A60","Замена экрана","укажите цену"
"","","Замена аккумулятора","укажите цену"
"","","Замена корпуса","укажите цену"
"","","Замена разъема зарядки","укажите цену"
"","","Чистка после попадания влаги","укажите цену"
"","Blackview BL6000 Pro","Замена экрана","укажите цену"
"","","Замена аккумулятора","укажите цену"
"","","Замена корпуса","укажите цену"
"","","Замена разъема зарядки","укажите цену"
"","","Чистка после попадания влаги","укажите цену"
"","Blackview BV6900","Замена экрана","укажите цену"
"","","Замена аккумулятора","укажите цену"
"","","Замена корпуса","укажите цену"
"","","Замена разъема зарядки","укажите цену"
"","","Чистка после попадания влаги","укажите цену"
"","Blackview BV9600 Pro","Замена экрана","укажите цену"
"","","Замена аккумулятора","укажите цену"
"","","Замена корпуса","укажите цену"
"","","Замена разъема зарядки","укажите цену"
"","","Чистка после попадания влаги","укажите цену"
"","Blackview BV9800 Pro","Замена экрана","укажите цену"
"","","Замена аккумулятора","укажите цену"
"","","Замена корпуса","укажите цену"
"","","Замена разъема зарядки","укажите цену"
"","","Чистка после попадания влаги","укажите цену"
"","Blackview P10000 Pro","Замена экрана","укажите цену"
"","","Замена аккумулятора","укажите цену"
"","","Замена корпуса","укажите цену"
"","","Замена разъема зарядки","укажите цену"
"","","Чистка после попадания влаги","укажите цену"
"Digma","Digma VOX V40 3G","Замена экрана","укажите цену"
"","","Замена аккумулятора","укажите цену"
"","","Замена корпуса","укажите цену"
"","","Замена разъема зарядки","укажите цену"
"","","Чистка после попадания влаги","укажите цену"
"","Digma Linx B510 3G","Замена экрана","укажите цену"
"","","Замена аккумулятора","укажите цену"
"","","Замена корпуса","укажите цену"
"","","Замена разъема зарядки","укажите цену"
"","","Чистка после попадания влаги","укажите цену"
"","Digma Linx Alfa 3G","Замена экрана","укажите цену"
"","","Замена аккумулятора","укажите цену"
"","","Замена корпуса","укажите цену"
"","","Замена разъема зарядки","укажите цену"
"","","Чистка после попадания влаги","укажите цену"
"","Digma Linx Pay 4G","Замена экрана","укажите цену"
"","","Замена аккумулятора","укажите цену"
"","","Замена корпуса","укажите цену"
"","","Замена разъема зарядки","укажите цену"
"","","Чистка после попадания влаги","укажите цену"
"","Digma Linx Argo 3G","Замена экрана","укажите цену"
"","","Замена аккумулятора","укажите цену"
"","","Замена корпуса","укажите цену"
"","","Замена разъема зарядки","укажите цену"
"","","Чистка после попадания влаги","укажите цену"
"","Digma Linx Atom 3G","Замена экрана","укажите цену"
"","","Замена аккумулятора","укажите цену"
"","","Замена корпуса","укажите цену"
"","","Замена разъема зарядки","укажите цену"
"","","Чистка после попадания влаги","укажите цену"
"","Digma Linx A453 3G","Замена экрана","укажите цену"
"","","Замена аккумулятора","укажите цену"
"","","Замена корпуса","укажите цену"
"","","Замена разъема зарядки","укажите цену"
"","","Чистка после попадания влаги","укажите цену"
"","Digma Vox S507 4G","Замена экрана","укажите цену"
"","","Замена аккумулятора","укажите цену"
"","","Замена корпуса","укажите цену"
"","","Замена разъема зарядки","укажите цену"
"","","Чистка после попадания влаги","укажите цену"
"","Digma HIT Q500 3G","Замена экрана","укажите цену"
"","","Замена аккумулятора","укажите цену"
"","","Замена корпуса","укажите цену"
"","","Замена разъема зарядки","укажите цену"
"","","Чистка после попадания влаги","укажите цену"
"Highscreen","Highscreen Fest Pro","Замена экрана","укажите цену"
"","","Замена аккумулятора","укажите цену"
"","","Замена корпуса","укажите цену"
"","","Замена разъема зарядки","укажите цену"
"","","Чистка после попадания влаги","укажите цену"
"","Highscreen Easy Power","Замена экрана","укажите цену"
"","","Замена аккумулятора","укажите цену"
"","","Замена корпуса","укажите цену"
"","","Замена разъема зарядки","укажите цену"
"","","Чистка после попадания влаги","укажите цену"
"","Highscreen Fest XL","Замена экрана","укажите цену"
"","","Замена аккумулятора","укажите цену"
"","","Замена корпуса","укажите цену"
"","","Замена разъема зарядки","укажите цену"
"","","Чистка после попадания влаги","укажите цену"
"","Highscreen Easy XL","Замена экрана","укажите цену"
"","","Замена аккумулятора","укажите цену"
"","","Замена корпуса","укажите цену"
"","","Замена разъема зарядки","укажите цену"
"","","Чистка после попадания влаги","укажите цену"
"","Highscreen Fest","Замена экрана","укажите цену"
"","","Замена аккумулятора","укажите цену"
"","","Замена корпуса","укажите цену"
"","","Замена разъема зарядки","укажите цену"
"","","Чистка после попадания влаги","укажите цену"
"","Highscreen Power Five Max 3","Замена экрана","укажите цену"
"","","Замена аккумулятора","укажите цену"
"","","Замена корпуса","укажите цену"
"","","Замена разъема зарядки","укажите цену"
"","","Чистка после попадания влаги","укажите цену"
"","Highscreen Power Five Max 2","Замена экрана","укажите цену"
"","","Замена аккумулятора","укажите цену"
"","","Замена корпуса","укажите цену"
"","","Замена разъема зарядки","укажите цену"
"","","Чистка после попадания влаги","укажите цену"
"HTC","HTC Desire C","Замена экрана","укажите цену"
"","","Замена аккумулятора","укажите цену"
"","","Замена корпуса","укажите цену"
"","","Замена разъема зарядки","укажите цену"
"","","Чистка после попадания влаги","укажите цену"
"","HTC Sensation","Замена экрана","укажите цену"
"","","Замена аккумулятора","укажите цену"
"","","Замена корпуса","укажите цену"
"","","Замена разъема зарядки","укажите цену"
"","","Чистка после попадания влаги","укажите цену"
"","HTC Wildfire S","Замена экрана","укажите цену"
"","","Замена аккумулятора","укажите цену"
"","","Замена корпуса","укажите цену"
"","","Замена разъема зарядки","укажите цену"
"","","Чистка после попадания влаги","укажите цену"
"","HTC One M8","Замена экрана","укажите цену"
"","","Замена аккумулятора","укажите цену"
"","","Замена корпуса","укажите цену"
"","","Замена разъема зарядки","укажите цену"
"","","Чистка после попадания влаги","укажите цену"
"","HTC Desire HD","Замена экрана","укажите цену"
"","","Замена аккумулятора","укажите цену"
"","","Замена корпуса","укажите цену"
"","","Замена разъема зарядки","укажите цену"
"","","Чистка после попадания влаги","укажите цену"
"","HTC Butterfly S","Замена экрана","укажите цену"
"","","Замена аккумулятора","укажите цену"
"","","Замена корпуса","укажите цену"
"","","Замена разъема зарядки","укажите цену"
"","","Чистка после попадания влаги","укажите цену"
"","HTC Evo 3d","Замена экрана","укажите цену"
"","","Замена аккумулятора","укажите цену"
"","","Замена корпуса","укажите цену"
"","","Замена разъема зарядки","укажите цену"
"","","Чистка после попадания влаги","укажите цену"
"","HTC Wildfire E","Замена экрана","укажите цену"
"","","Замена аккумулятора","укажите цену"
"","","Замена корпуса","укажите цену"
"","","Замена разъема зарядки","укажите цену"
"","","Чистка после попадания влаги","укажите цену"
"","HTC One M7","Замена экрана","укажите цену"
"","","Замена аккумулятора","укажите цену"
"","","Замена корпуса","укажите цену"
"","","Замена разъема зарядки","укажите цену"
"","","Чистка после попадания влаги","укажите цену"
"","HTC Desire 20 Pro","Замена экрана","укажите цену"
"","","Замена аккумулятора","укажите цену"
"","","Замена корпуса","укажите цену"
"","","Замена разъема зарядки","укажите цену"
"","","Чистка после попадания влаги","укажите цену"
"","HTC Desire X","Замена экрана","укажите цену"
"","","Замена аккумулятора","укажите цену"
"","","Замена корпуса","укажите цену"
"","","Замена разъема зарядки","укажите цену"
"","","Чистка после попадания влаги","укажите цену"
"Lenovo","Lenovo K12 Pro","Замена экрана","укажите цену"
"","","Замена аккумулятора","укажите цену"
"","","Замена корпуса","укажите цену"
"","","Замена разъема зарядки","укажите цену"
"","","Чистка после попадания влаги","укажите цену"
"","Lenovo Vibe Z2","Замена экрана","укажите цену"
"","","Замена аккумулятора","укажите цену"
"","","Замена корпуса","укажите цену"
"","","Замена разъема зарядки","укажите цену"
"","","Чистка после попадания влаги","укажите цену"
"","Lenovo K910 Vibe Z","Замена экрана","укажите цену"
"","","Замена аккумулятора","укажите цену"
"","","Замена корпуса","укажите цену"
"","","Замена разъема зарядки","укажите цену"
"","","Чистка после попадания влаги","укажите цену"
"Motorola","Motorola Edge 20","Замена экрана","укажите цену"
"","","Замена аккумулятора","укажите цену"
"","","Замена корпуса","укажите цену"
"","","Замена разъема зарядки","укажите цену"
"","","Чистка после попадания влаги","укажите цену"
"","Motorola Edge X30","Замена экрана","укажите цену"
"","","Замена аккумулятора","укажите цену"
"","","Замена корпуса","укажите цену"
"","","Замена разъема зарядки","укажите цену"
"","","Чистка после попадания влаги","укажите цену"
"","Motorola Edge S","Замена экрана","укажите цену"
"","","Замена аккумулятора","укажите цену"
"","","Замена корпуса","укажите цену"
"","","Замена разъема зарядки","укажите цену"
"","","Чистка после попадания влаги","укажите цену"
"","Motorola Edge 20 Pro","Замена экрана","укажите цену"
"","","Замена аккумулятора","укажите цену"
"","","Замена корпуса","укажите цену"
"","","Замена разъема зарядки","укажите цену"
"","","Чистка после попадания влаги","укажите цену"
"","Motorola Edge+","Замена экрана","укажите цену"
"","","Замена аккумулятора","укажите цену"
"","","Замена корпуса","укажите цену"
"","","Замена разъема зарядки","укажите цену"
"","","Чистка после попадания влаги","укажите цену"
"","Motorola G8 Plus","Замена экрана","укажите цену"
"","","Замена аккумулятора","укажите цену"
"","","Замена корпуса","укажите цену"
"","","Замена разъема зарядки","укажите цену"
"","","Чистка после попадания влаги","укажите цену"
"","Motorola G8","Замена экрана","укажите цену"
"","","Замена аккумулятора","укажите цену"
"","","Замена корпуса","укажите цену"
"","","Замена разъема зарядки","укажите цену"
"","","Чистка после попадания влаги","укажите цену"
"","Motorola G9 Play","Замена экрана","укажите цену"
"","","Замена аккумулятора","укажите цену"
"","","Замена корпуса","укажите цену"
"","","Замена разъема зарядки","укажите цену"
"","","Чистка после попадания влаги","укажите цену"
"","Motorola G8 Power","Замена экрана","укажите цену"
"","","Замена аккумулятора","укажите цену"
"","","Замена корпуса","укажите цену"
"","","Замена разъема зарядки","укажите цену"
"","","Чистка после попадания влаги","укажите цену"
"","Motorola Moto E7 Plus","Замена экрана","укажите цену"
"","","Замена аккумулятора","укажите цену"
"","","Замена корпуса","укажите цену"
"","","Замена разъема зарядки","укажите цену"
"","","Чистка после попадания влаги","укажите цену"
"","Motorola Moto G 5G Plus","Замена экрана","укажите цену"
"","","Замена аккумулятора","укажите цену"
"","","Замена корпуса","укажите цену"
"","","Замена разъема зарядки","укажите цену"
"","","Чистка после попадания влаги","укажите цену"
"","Motorola Moto G7","Замена экрана","укажите цену"
"","","Замена аккумулятора","укажите цену"
"","","Замена корпуса","укажите цену"
"","","Замена разъема зарядки","укажите цену"
"","","Чистка после попадания влаги","укажите цену"
"","Motorola Moto G7 Plus","Замена экрана","укажите цену"
"","","Замена аккумулятора","укажите цену"
"","","Замена корпуса","укажите цену"
"","","Замена разъема зарядки","укажите цену"
"","","Чистка после попадания влаги","укажите цену"
"","Motorola Moto G9 Plus","Замена экрана","укажите цену"
"","","Замена аккумулятора","укажите цену"
"","","Замена корпуса","укажите цену"
"","","Замена разъема зарядки","укажите цену"
"","","Чистка после попадания влаги","укажите цену"
"","Motorola Moto Z Play","Замена экрана","укажите цену"
"","","Замена аккумулятора","укажите цену"
"","","Замена корпуса","укажите цену"
"","","Замена разъема зарядки","укажите цену"
"","","Чистка после попадания влаги","укажите цену"
"","Motorola Moto Z4","Замена экрана","укажите цену"
"","","Замена аккумулятора","укажите цену"
"","","Замена корпуса","укажите цену"
"","","Замена разъема зарядки","укажите цену"
"","","Чистка после попадания влаги","укажите цену"
"","Motorola One Action","Замена экрана","укажите цену"
"","","Замена аккумулятора","укажите цену"
"","","Замена корпуса","укажите цену"
"","","Замена разъема зарядки","укажите цену"
"","","Чистка после попадания влаги","укажите цену"
"","Motorola One Fusion+","Замена экрана","укажите цену"
"","","Замена аккумулятора","укажите цену"
"","","Замена корпуса","укажите цену"
"","","Замена разъема зарядки","укажите цену"
"","","Чистка после попадания влаги","укажите цену"
"","Motorola One Hyper","Замена экрана","укажите цену"
"","","Замена аккумулятора","укажите цену"
"","","Замена корпуса","укажите цену"
"","","Замена разъема зарядки","укажите цену"
"","","Чистка после попадания влаги","укажите цену"
"","Motorola One Power","Замена экрана","укажите цену"
"","","Замена аккумулятора","укажите цену"
"","","Замена корпуса","укажите цену"
"","","Замена разъема зарядки","укажите цену"
"","","Чистка после попадания влаги","укажите цену"
"","Motorola One Vision","Замена экрана","укажите цену"
"","","Замена аккумулятора","укажите цену"
"","","Замена корпуса","укажите цену"
"","","Замена разъема зарядки","укажите цену"
"","","Чистка после попадания влаги","укажите цену"
"","Motorola One Zoom","Замена экрана","укажите цену"
"","","Замена аккумулятора","укажите цену"
"","","Замена корпуса","укажите цену"
"","","Замена разъема зарядки","укажите цену"
"","","Чистка после попадания влаги","укажите цену"
"Nokia","Nokia G10","Замена экрана","укажите цену"
"","","Замена аккумулятора","укажите цену"
"","","Замена корпуса","укажите цену"
"","","Замена разъема зарядки","укажите цену"
"","","Чистка после попадания влаги","укажите цену"
"","Nokia 7","Замена экрана","укажите цену"
"","","Замена аккумулятора","укажите цену"
"","","Замена корпуса","укажите цену"
"","","Замена разъема зарядки","укажите цену"
"","","Чистка после попадания влаги","укажите цену"
"","Nokia 6.1","Замена экрана","укажите цену"
"","","Замена аккумулятора","укажите цену"
"","","Замена корпуса","укажите цену"
"","","Замена разъема зарядки","укажите цену"
"","","Чистка после попадания влаги","укажите цену"
"","Nokia 5.4","Замена экрана","укажите цену"
"","","Замена аккумулятора","укажите цену"
"","","Замена корпуса","укажите цену"
"","","Замена разъема зарядки","укажите цену"
"","","Чистка после попадания влаги","укажите цену"
"","Nokia XR20","Замена экрана","укажите цену"
"","","Замена аккумулятора","укажите цену"
"","","Замена корпуса","укажите цену"
"","","Замена разъема зарядки","укажите цену"
"","","Чистка после попадания влаги","укажите цену"
"","Nokia 8.3 5G","Замена экрана","укажите цену"
"","","Замена аккумулятора","укажите цену"
"","","Замена корпуса","укажите цену"
"","","Замена разъема зарядки","укажите цену"
"","","Чистка после попадания влаги","укажите цену"
"","Nokia G20","Замена экрана","укажите цену"
"","","Замена аккумулятора","укажите цену"
"","","Замена корпуса","укажите цену"
"","","Замена разъема зарядки","укажите цену"
"","","Чистка после попадания влаги","укажите цену"
"","Nokia X10","Замена экрана","укажите цену"
"","","Замена аккумулятора","укажите цену"
"","","Замена корпуса","укажите цену"
"","","Замена разъема зарядки","укажите цену"
"","","Чистка после попадания влаги","укажите цену"
"","Nokia 5.1","Замена экрана","укажите цену"
"","","Замена аккумулятора","укажите цену"
"","","Замена корпуса","укажите цену"
"","","Замена разъема зарядки","укажите цену"
"","","Чистка после попадания влаги","укажите цену"
"","Nokia G21","Замена экрана","укажите цену"
"","","Замена аккумулятора","укажите цену"
"","","Замена корпуса","укажите цену"
"","","Замена разъема зарядки","укажите цену"
"","","Чистка после попадания влаги","укажите цену"
"","Nokia 7.2","Замена экрана","укажите цену"
"","","Замена аккумулятора","укажите цену"
"","","Замена корпуса","укажите цену"
"","","Замена разъема зарядки","укажите цену"
"","","Чистка после попадания влаги","укажите цену"
"","Nokia C3","Замена экрана","укажите цену"
"","","Замена аккумулятора","укажите цену"
"","","Замена корпуса","укажите цену"
"","","Замена разъема зарядки","укажите цену"
"","","Чистка после попадания влаги","укажите цену"
"","Nokia 5.3","Замена экрана","укажите цену"
"","","Замена аккумулятора","укажите цену"
"","","Замена корпуса","укажите цену"
"","","Замена разъема зарядки","укажите цену"
"","","Чистка после попадания влаги","укажите цену"
"OnePlus","OnePlus 9RT","Замена экрана","укажите цену"
"","","Замена аккумулятора","укажите цену"
"","","Замена корпуса","укажите цену"
"","","Замена разъема зарядки","укажите цену"
"","","Чистка после попадания влаги","укажите цену"
"","OnePlus 8","Замена экрана","укажите цену"
"","","Замена аккумулятора","укажите цену"
"","","Замена корпуса","укажите цену"
"","","Замена разъема зарядки","укажите цену"
"","","Чистка после попадания влаги","укажите цену"
"","OnePlus 8 Pro","Замена экрана","укажите цену"
"","","Замена аккумулятора","укажите цену"
"","","Замена корпуса","укажите цену"
"","","Замена разъема зарядки","укажите цену"
"","","Чистка после попадания влаги","укажите цену"
"","OnePlus 8T","Замена экрана","укажите цену"
"","","Замена аккумулятора","укажите цену"
"","","Замена корпуса","укажите цену"
"","","Замена разъема зарядки","укажите цену"
"","","Чистка после попадания влаги","укажите цену"
"","OnePlus 7T Pro","Замена экрана","укажите цену"
"","","Замена аккумулятора","укажите цену"
"","","Замена корпуса","укажите цену"
"","","Замена разъема зарядки","укажите цену"
"","","Чистка после попадания влаги","укажите цену"
"","OnePlus 9 Pro","Замена экрана","укажите цену"
"","","Замена аккумулятора","укажите цену"
"","","Замена корпуса","укажите цену"
"","","Замена разъема зарядки","укажите цену"
"","","Чистка после попадания влаги","укажите цену"
"","OnePlus 9R","Замена экрана","укажите цену"
"","","Замена аккумулятора","укажите цену"
"","","Замена корпуса","укажите цену"
"","","Замена разъема зарядки","укажите цену"
"","","Чистка после попадания влаги","укажите цену"
"","OnePlus Nord CE 5G","Замена экрана","укажите цену"
"","","Замена аккумулятора","укажите цену"
"","","Замена корпуса","укажите цену"
"","","Замена разъема зарядки","укажите цену"
"","","Чистка после попадания влаги","укажите цену"
"","OnePlus Nord 2","Замена экрана","укажите цену"
"","","Замена аккумулятора","укажите цену"
"","","Замена корпуса","укажите цену"
"","","Замена разъема зарядки","укажите цену"
"","","Чистка после попадания влаги","укажите цену"
"","OnePlus 7","Замена экрана","укажите цену"
"","","Замена аккумулятора","укажите цену"
"","","Замена корпуса","укажите цену"
"","","Замена разъема зарядки","укажите цену"
"","","Чистка после попадания влаги","укажите цену"
"","OnePlus 7 Pro","Замена экрана","укажите цену"
"","","Замена аккумулятора","укажите цену"
"","","Замена корпуса","укажите цену"
"","","Замена разъема зарядки","укажите цену"
"","","Чистка после попадания влаги","укажите цену"
"","OnePlus 7T","Замена экрана","укажите цену"
"","","Замена аккумулятора","укажите цену"
"","","Замена корпуса","укажите цену"
"","","Замена разъема зарядки","укажите цену"
"","","Чистка после попадания влаги","укажите цену"
"","OnePlus Nord","Замена экрана","укажите цену"
"","","Замена аккумулятора","укажите цену"
"","","Замена корпуса","укажите цену"
"","","Замена разъема зарядки","укажите цену"
"","","Чистка после попадания влаги","укажите цену"
"","OnePlus 9","Замена экрана","укажите цену"
"","","Замена аккумулятора","укажите цену"
"","","Замена корпуса","укажите цену"
"","","Замена разъема зарядки","укажите цену"
"","","Чистка после попадания влаги","укажите цену"
"OPPO","OPPO Reno6","Замена экрана","укажите цену"
"","","Замена аккумулятора","укажите цену"
"","","Замена корпуса","укажите цену"
"","","Замена разъема зарядки","укажите цену"
"","","Чистка после попадания влаги","укажите цену"
"","OPPO A55","Замена экрана","укажите цену"
"","","Замена аккумулятора","укажите цену"
"","","Замена корпуса","укажите цену"
"","","Замена разъема зарядки","укажите цену"
"","","Чистка после попадания влаги","укажите цену"
"","OPPO A72","Замена экрана","укажите цену"
"","","Замена аккумулятора","укажите цену"
"","","Замена корпуса","укажите цену"
"","","Замена разъема зарядки","укажите цену"
"","","Чистка после попадания влаги","укажите цену"
"","OPPO A5s","Замена экрана","укажите цену"
"","","Замена аккумулятора","укажите цену"
"","","Замена корпуса","укажите цену"
"","","Замена разъема зарядки","укажите цену"
"","","Чистка после попадания влаги","укажите цену"
"","OPPO A53","Замена экрана","укажите цену"
"","","Замена аккумулятора","укажите цену"
"","","Замена корпуса","укажите цену"
"","","Замена разъема зарядки","укажите цену"
"","","Чистка после попадания влаги","укажите цену"
"","OPPO Reno3 Pro","Замена экрана","укажите цену"
"","","Замена аккумулятора","укажите цену"
"","","Замена корпуса","укажите цену"
"","","Замена разъема зарядки","укажите цену"
"","","Чистка после попадания влаги","укажите цену"
"","OPPO A5","Замена экрана","укажите цену"
"","","Замена аккумулятора","укажите цену"
"","","Замена корпуса","укажите цену"
"","","Замена разъема зарядки","укажите цену"
"","","Чистка после попадания влаги","укажите цену"
"","OPPO A74","Замена экрана","укажите цену"
"","","Замена аккумулятора","укажите цену"
"","","Замена корпуса","укажите цену"
"","","Замена разъема зарядки","укажите цену"
"","","Чистка после попадания влаги","укажите цену"
"","OPPO Find X3 Pro","Замена экрана","укажите цену"
"","","Замена аккумулятора","укажите цену"
"","","Замена корпуса","укажите цену"
"","","Замена разъема зарядки","укажите цену"
"","","Чистка после попадания влаги","укажите цену"
"","OPPO A71","Замена экрана","укажите цену"
"","","Замена аккумулятора","укажите цену"
"","","Замена корпуса","укажите цену"
"","","Замена разъема зарядки","укажите цену"
"","","Чистка после попадания влаги","укажите цену"
"","OPPO Reno3","Замена экрана","укажите цену"
"","","Замена аккумулятора","укажите цену"
"","","Замена корпуса","укажите цену"
"","","Замена разъема зарядки","укажите цену"
"","","Чистка после попадания влаги","укажите цену"
"","OPPO A1K","Замена экрана","укажите цену"
"","","Замена аккумулятора","укажите цену"
"","","Замена корпуса","укажите цену"
"","","Замена разъема зарядки","укажите цену"
"","","Чистка после попадания влаги","укажите цену"
"","OPPO Reno5 Lite","Замена экрана","укажите цену"
"","","Замена аккумулятора","укажите цену"
"","","Замена корпуса","укажите цену"
"","","Замена разъема зарядки","укажите цену"
"","","Чистка после попадания влаги","укажите цену"
"","OPPO A52","Замена экрана","укажите цену"
"","","Замена аккумулятора","укажите цену"
"","","Замена корпуса","укажите цену"
"","","Замена разъема зарядки","укажите цену"
"","","Чистка после попадания влаги","укажите цену"
"","OPPO Find X3","Замена экрана","укажите цену"
"","","Замена аккумулятора","укажите цену"
"","","Замена корпуса","укажите цену"
"","","Замена разъема зарядки","укажите цену"
"","","Чистка после попадания влаги","укажите цену"
"","OPPO A5 2020","Замена экрана","укажите цену"
"","","Замена аккумулятора","укажите цену"
"","","Замена корпуса","укажите цену"
"","","Замена разъема зарядки","укажите цену"
"","","Чистка после попадания влаги","укажите цену"
"","OPPO A9 2020","Замена экрана","укажите цену"
"","","Замена аккумулятора","укажите цену"
"","","Замена корпуса","укажите цену"
"","","Замена разъема зарядки","укажите цену"
"","","Чистка после попадания влаги","укажите цену"
"","OPPO A91","Замена экрана","укажите цену"
"","","Замена аккумулятора","укажите цену"
"","","Замена корпуса","укажите цену"
"","","Замена разъема зарядки","укажите цену"
"","","Чистка после попадания влаги","укажите цену"
"","OPPO F5 Youth","Замена экрана","укажите цену"
"","","Замена аккумулятора","укажите цену"
"","","Замена корпуса","укажите цену"
"","","Замена разъема зарядки","укажите цену"
"","","Чистка после попадания влаги","укажите цену"
"","OPPO F11","Замена экрана","укажите цену"
"","","Замена аккумулятора","укажите цену"
"","","Замена корпуса","укажите цену"
"","","Замена разъема зарядки","укажите цену"
"","","Чистка после попадания влаги","укажите цену"
"","OPPO F9","Замена экрана","укажите цену"
"","","Замена аккумулятора","укажите цену"
"","","Замена корпуса","укажите цену"
"","","Замена разъема зарядки","укажите цену"
"","","Чистка после попадания влаги","укажите цену"
"","OPPO Find X2","Замена экрана","укажите цену"
"","","Замена аккумулятора","укажите цену"
"","","Замена корпуса","укажите цену"
"","","Замена разъема зарядки","укажите цену"
"","","Чистка после попадания влаги","укажите цену"
"","OPPO F7 Youth","Замена экрана","укажите цену"
"","","Замена аккумулятора","укажите цену"
"","","Замена корпуса","укажите цену"
"","","Замена разъема зарядки","укажите цену"
"","","Чистка после попадания влаги","укажите цену"
"","OPPO R11","Замена экрана","укажите цену"
"","","Замена аккумулятора","укажите цену"
"","","Замена корпуса","укажите цену"
"","","Замена разъема зарядки","укажите цену"
"","","Чистка после попадания влаги","укажите цену"
"","OPPO R11s","Замена экрана","укажите цену"
"","","Замена аккумулятора","укажите цену"
"","","Замена корпуса","укажите цену"
"","","Замена разъема зарядки","укажите цену"
"","","Чистка после попадания влаги","укажите цену"
"","OPPO R15","Замена экрана","укажите цену"
"","","Замена аккумулятора","укажите цену"
"","","Замена корпуса","укажите цену"
"","","Замена разъема зарядки","укажите цену"
"","","Чистка после попадания влаги","укажите цену"
"","OPPO R15x","Замена экрана","укажите цену"
"","","Замена аккумулятора","укажите цену"
"","","Замена корпуса","укажите цену"
"","","Замена разъема зарядки","укажите цену"
"","","Чистка после попадания влаги","укажите цену"
"","OPPO R17","Замена экрана","укажите цену"
"","","Замена аккумулятора","укажите цену"
"","","Замена корпуса","укажите цену"
"","","Замена разъема зарядки","укажите цену"
"","","Чистка после попадания влаги","укажите цену"
"","OPPO Reno","Замена экрана","укажите цену"
"","","Замена аккумулятора","укажите цену"
"","","Замена корпуса","укажите цену"
"","","Замена разъема зарядки","укажите цену"
"","","Чистка после попадания влаги","укажите цену"
"","OPPO Reno2","Замена экрана","укажите цену"
"","","Замена аккумулятора","укажите цену"
"","","Замена корпуса","укажите цену"
"","","Замена разъема зарядки","укажите цену"
"","","Чистка после попадания влаги","укажите цену"
"","OPPO Reno4","Замена экрана","укажите цену"
"","","Замена аккумулятора","укажите цену"
"","","Замена корпуса","укажите цену"
"","","Замена разъема зарядки","укажите цену"
"","","Чистка после попадания влаги","укажите цену"
"","OPPO Reno 10x Zoom","Замена экрана","укажите цену"
"","","Замена аккумулятора","укажите цену"
"","","Замена корпуса","укажите цену"
"","","Замена разъема зарядки","укажите цену"
"","","Чистка после попадания влаги","укажите цену"
"","OPPO Reno Z","Замена экрана","укажите цену"
"","","Замена аккумулятора","укажите цену"
"","","Замена корпуса","укажите цену"
"","","Замена разъема зарядки","укажите цену"
"","","Чистка после попадания влаги","укажите цену"
"","OPPO 6","Замена экрана","укажите цену"
"","","Замена аккумулятора","укажите цену"
"","","Замена корпуса","укажите цену"
"","","Замена разъема зарядки","укажите цену"
"","","Чистка после попадания влаги","укажите цену"
"Philips","Philips Xenium X623","Замена экрана","укажите цену"
"","","Замена аккумулятора","укажите цену"
"","","Замена корпуса","укажите цену"
"","","Замена разъема зарядки","укажите цену"
"","","Чистка после попадания влаги","укажите цену"
"","Philips Xenium W732","Замена экрана","укажите цену"
"","","Замена аккумулятора","укажите цену"
"","","Замена корпуса","укажите цену"
"","","Замена разъема зарядки","укажите цену"
"","","Чистка после попадания влаги","укажите цену"
"Prestigio","Prestigio Muze C7 LTE","Замена экрана","укажите цену"
"","","Замена аккумулятора","укажите цену"
"","","Замена корпуса","укажите цену"
"","","Замена разъема зарядки","укажите цену"
"","","Чистка после попадания влаги","укажите цену"
"","Prestigio Grace M5 LTE","Замена экрана","укажите цену"
"","","Замена аккумулятора","укажите цену"
"","","Замена корпуса","укажите цену"
"","","Замена разъема зарядки","укажите цену"
"","","Чистка после попадания влаги","укажите цену"
"","Prestigio MUZE G7 LTE","Замена экрана","укажите цену"
"","","Замена аккумулятора","укажите цену"
"","","Замена корпуса","укажите цену"
"","","Замена разъема зарядки","укажите цену"
"","","Чистка после попадания влаги","укажите цену"
"","Prestigio Wize Q3","Замена экрана","укажите цену"
"","","Замена аккумулятора","укажите цену"
"","","Замена корпуса","укажите цену"
"","","Замена разъема зарядки","укажите цену"
"","","Чистка после попадания влаги","укажите цену"
"","Prestigio Muze X5 LTE","Замена экрана","укажите цену"
"","","Замена аккумулятора","укажите цену"
"","","Замена корпуса","укажите цену"
"","","Замена разъема зарядки","укажите цену"
"","","Чистка после попадания влаги","укажите цену"
"","Prestigio MUZE B3","Замена экрана","укажите цену"
"","","Замена аккумулятора","укажите цену"
"","","Замена корпуса","укажите цену"
"","","Замена разъема зарядки","укажите цену"
"","","Чистка после попадания влаги","укажите цену"
"Realme","Realme 10 Pro","Замена экрана","укажите цену"
"","","Замена аккумулятора","укажите цену"
"","","Замена корпуса","укажите цену"
"","","Замена разъема зарядки","укажите цену"
"","","Чистка после попадания влаги","укажите цену"
"","Realme 10 Pro Plus","Замена экрана","укажите цену"
"","","Замена аккумулятора","укажите цену"
"","","Замена корпуса","укажите цену"
"","","Замена разъема зарядки","укажите цену"
"","","Чистка после попадания влаги","укажите цену"
"","Realme 3","Замена экрана","укажите цену"
"","","Замена аккумулятора","укажите цену"
"","","Замена корпуса","укажите цену"
"","","Замена разъема зарядки","укажите цену"
"","","Чистка после попадания влаги","укажите цену"
"","Realme 3 Pro","Замена экрана","укажите цену"
"","","Замена аккумулятора","укажите цену"
"","","Замена корпуса","укажите цену"
"","","Замена разъема зарядки","укажите цену"
"","","Чистка после попадания влаги","укажите цену"
"","Realme 5","Замена экрана","укажите цену"
"","","Замена аккумулятора","укажите цену"
"","","Замена корпуса","укажите цену"
"","","Замена разъема зарядки","укажите цену"
"","","Чистка после попадания влаги","укажите цену"
"","Realme 6","Замена экрана","укажите цену"
"","","Замена аккумулятора","укажите цену"
"","","Замена корпуса","укажите цену"
"","","Замена разъема зарядки","укажите цену"
"","","Чистка после попадания влаги","укажите цену"
"","Realme 6 Pro","Замена экрана","укажите цену"
"","","Замена аккумулятора","укажите цену"
"","","Замена корпуса","укажите цену"
"","","Замена разъема зарядки","укажите цену"
"","","Чистка после попадания влаги","укажите цену"
"","Realme 6i","Замена экрана","укажите цену"
"","","Замена аккумулятора","укажите цену"
"","","Замена корпуса","укажите цену"
"","","Замена разъема зарядки","укажите цену"
"","","Чистка после попадания влаги","укажите цену"
"","Realme 6s","Замена экрана","укажите цену"
"","","Замена аккумулятора","укажите цену"
"","","Замена корпуса","укажите цену"
"","","Замена разъема зарядки","укажите цену"
"","","Чистка после попадания влаги","укажите цену"
"","Realme 7","Замена экрана","укажите цену"
"","","Замена аккумулятора","укажите цену"
"","","Замена корпуса","укажите цену"
"","","Замена разъема зарядки","укажите цену"
"","","Чистка после попадания влаги","укажите цену"
"","Realme 7 pro","Замена экрана","укажите цену"
"","","Замена аккумулятора","укажите цену"
"","","Замена корпуса","укажите цену"
"","","Замена разъема зарядки","укажите цену"
"","","Чистка после попадания влаги","укажите цену"
"","Realme 8","Замена экрана","укажите цену"
"","","Замена аккумулятора","укажите цену"
"","","Замена корпуса","укажите цену"
"","","Замена разъема зарядки","укажите цену"
"","","Чистка после попадания влаги","укажите цену"
"","Realme 8 5G","Замена экрана","укажите цену"
"","","Замена аккумулятора","укажите цену"
"","","Замена корпуса","укажите цену"
"","","Замена разъема зарядки","укажите цену"
"","","Чистка после попадания влаги","укажите цену"
"","Realme 8 Pro","Замена экрана","укажите цену"
"","","Замена аккумулятора","укажите цену"
"","","Замена корпуса","укажите цену"
"","","Замена разъема зарядки","укажите цену"
"","","Чистка после попадания влаги","укажите цену"
"","Realme 8i","Замена экрана","укажите цену"
"","","Замена аккумулятора","укажите цену"
"","","Замена корпуса","укажите цену"
"","","Замена разъема зарядки","укажите цену"
"","","Чистка после попадания влаги","укажите цену"
"","Realme 9","Замена экрана","укажите цену"
"","","Замена аккумулятора","укажите цену"
"","","Замена корпуса","укажите цену"
"","","Замена разъема зарядки","укажите цену"
"","","Чистка после попадания влаги","укажите цену"
"","Realme 9 Pro","Замена экрана","укажите цену"
"","","Замена аккумулятора","укажите цену"
"","","Замена корпуса","укажите цену"
"","","Замена разъема зарядки","укажите цену"
"","","Чистка после попадания влаги","укажите цену"
"","Realme 9 Pro Plus","Замена экрана","укажите цену"
"","","Замена аккумулятора","укажите цену"
"","","Замена корпуса","укажите цену"
"","","Замена разъема зарядки","укажите цену"
"","","Чистка после попадания влаги","укажите цену"
"","Realme 9i","Замена экрана","укажите цену"
"","","Замена аккумулятора","укажите цену"
"","","Замена корпуса","укажите цену"
"","","Замена разъема зарядки","укажите цену"
"","","Чистка после попадания влаги","укажите цену"
"","Realme C11","Замена экрана","укажите цену"
"","","Замена аккумулятора","укажите цену"
"","","Замена корпуса","укажите цену"
"","","Замена разъема зарядки","укажите цену"
"","","Чистка после попадания влаги","укажите цену"
"","Realme C15","Замена экрана","укажите цену"
"","","Замена аккумулятора","укажите цену"
"","","Замена корпуса","укажите цену"
"","","Замена разъема зарядки","укажите цену"
"","","Чистка после попадания влаги","укажите цену"
"","Realme C2","Замена экрана","укажите цену"
"","","Замена аккумулятора","укажите цену"
"","","Замена корпуса","укажите цену"
"","","Замена разъема зарядки","укажите цену"
"","","Чистка после попадания влаги","укажите цену"
"","Realme C21Y","Замена экрана","укажите цену"
"","","Замена аккумулятора","укажите цену"
"","","Замена корпуса","укажите цену"
"","","Замена разъема зарядки","укажите цену"
"","","Чистка после попадания влаги","укажите цену"
"","Realme C25","Замена экрана","укажите цену"
"","","Замена аккумулятора","укажите цену"
"","","Замена корпуса","укажите цену"
"","","Замена разъема зарядки","укажите цену"
"","","Чистка после попадания влаги","укажите цену"
"","Realme C25S","Замена экрана","укажите цену"
"","","Замена аккумулятора","укажите цену"
"","","Замена корпуса","укажите цену"
"","","Замена разъема зарядки","укажите цену"
"","","Чистка после попадания влаги","укажите цену"
"","Realme C3","Замена экрана","укажите цену"
"","","Замена аккумулятора","укажите цену"
"","","Замена корпуса","укажите цену"
"","","Замена разъема зарядки","укажите цену"
"","","Чистка после попадания влаги","укажите цену"
"","Realme GT","Замена экрана","укажите цену"
"","","Замена аккумулятора","укажите цену"
"","","Замена корпуса","укажите цену"
"","","Замена разъема зарядки","укажите цену"
"","","Чистка после попадания влаги","укажите цену"
"","Realme GT Master Edition","Замена экрана","укажите цену"
"","","Замена аккумулятора","укажите цену"
"","","Замена корпуса","укажите цену"
"","","Замена разъема зарядки","укажите цену"
"","","Чистка после попадания влаги","укажите цену"
"","Realme GT Master Explorer Edition","Замена экрана","укажите цену"
"","","Замена аккумулятора","укажите цену"
"","","Замена корпуса","укажите цену"
"","","Замена разъема зарядки","укажите цену"
"","","Чистка после попадания влаги","укажите цену"
"","Realme GT NEO","Замена экрана","укажите цену"
"","","Замена аккумулятора","укажите цену"
"","","Замена корпуса","укажите цену"
"","","Замена разъема зарядки","укажите цену"
"","","Чистка после попадания влаги","укажите цену"
"","Realme GT Neo 2T","Замена экрана","укажите цену"
"","","Замена аккумулятора","укажите цену"
"","","Замена корпуса","укажите цену"
"","","Замена разъема зарядки","укажите цену"
"","","Чистка после попадания влаги","укажите цену"
"","Realme GT Neo2","Замена экрана","укажите цену"
"","","Замена аккумулятора","укажите цену"
"","","Замена корпуса","укажите цену"
"","","Замена разъема зарядки","укажите цену"
"","","Чистка после попадания влаги","укажите цену"
"","Realme Narzo 30","Замена экрана","укажите цену"
"","","Замена аккумулятора","укажите цену"
"","","Замена корпуса","укажите цену"
"","","Замена разъема зарядки","укажите цену"
"","","Чистка после попадания влаги","укажите цену"
"","Realme Narzo 50a","Замена экрана","укажите цену"
"","","Замена аккумулятора","укажите цену"
"","","Замена корпуса","укажите цену"
"","","Замена разъема зарядки","укажите цену"
"","","Чистка после попадания влаги","укажите цену"
"","Realme Q3s","Замена экрана","укажите цену"
"","","Замена аккумулятора","укажите цену"
"","","Замена корпуса","укажите цену"
"","","Замена разъема зарядки","укажите цену"
"","","Чистка после попадания влаги","укажите цену"
"","Realme X","Замена экрана","укажите цену"
"","","Замена аккумулятора","укажите цену"
"","","Замена корпуса","укажите цену"
"","","Замена разъема зарядки","укажите цену"
"","","Чистка после попадания влаги","укажите цену"
"","Realme X2","Замена экрана","укажите цену"
"","","Замена аккумулятора","укажите цену"
"","","Замена корпуса","укажите цену"
"","","Замена разъема зарядки","укажите цену"
"","","Чистка после попадания влаги","укажите цену"
"","Realme X2 Pro","Замена экрана","укажите цену"
"","","Замена аккумулятора","укажите цену"
"","","Замена корпуса","укажите цену"
"","","Замена разъема зарядки","укажите цену"
"","","Чистка после попадания влаги","укажите цену"
"","Realme X3 SuperZoom","Замена экрана","укажите цену"
"","","Замена аккумулятора","укажите цену"
"","","Замена корпуса","укажите цену"
"","","Замена разъема зарядки","укажите цену"
"","","Чистка после попадания влаги","укажите цену"
"","Realme XT","Замена экрана","укажите цену"
"","","Замена аккумулятора","укажите цену"
"","","Замена корпуса","укажите цену"
"","","Замена разъема зарядки","укажите цену"
"","","Чистка после попадания влаги","укажите цену"
"","Realme С 21","Замена экрана","укажите цену"
"","","Замена аккумулятора","укажите цену"
"","","Замена корпуса","укажите цену"
"","","Замена разъема зарядки","укажите цену"
"","","Чистка после попадания влаги","укажите цену"
"Sony","Sony Xperia 10 III","Замена экрана","укажите цену"
"","","Замена аккумулятора","укажите цену"
"","","Замена корпуса","укажите цену"
"","","Замена разъема зарядки","укажите цену"
"","","Чистка после попадания влаги","укажите цену"
"","Sony Xperia S","Замена экрана","укажите цену"
"","","Замена аккумулятора","укажите цену"
"","","Замена корпуса","укажите цену"
"","","Замена разъема зарядки","укажите цену"
"","","Чистка после попадания влаги","укажите цену"
"","Sony Xperia 5","Замена экрана","укажите цену"
"","","Замена аккумулятора","укажите цену"
"","","Замена корпуса","укажите цену"
"","","Замена разъема зарядки","укажите цену"
"","","Чистка после попадания влаги","укажите цену"
"","Sony Xperia 5 III","Замена экрана","укажите цену"
"","","Замена аккумулятора","укажите цену"
"","","Замена корпуса","укажите цену"
"","","Замена разъема зарядки","укажите цену"
"","","Чистка после попадания влаги","укажите цену"
"","Sony Xperia Z5 Compact","Замена экрана","укажите цену"
"","","Замена аккумулятора","укажите цену"
"","","Замена корпуса","укажите цену"
"","","Замена разъема зарядки","укажите цену"
"","","Чистка после попадания влаги","укажите цену"
"ZTE","ZTE Blade A31","Замена экрана","укажите цену"
"","","Замена аккумулятора","укажите цену"
"","","Замена корпуса","укажите цену"
"","","Замена разъема зарядки","укажите цену"
"","","Чистка после попадания влаги","укажите цену"
"","ZTE Blade L8","Замена экрана","укажите цену"
"","","Замена аккумулятора","укажите цену"
"","","Замена корпуса","укажите цену"
"","","Замена разъема зарядки","укажите цену"
"","","Чистка после попадания влаги","укажите цену"
"","ZTE Blade A71","Замена экрана","укажите цену"
"","","Замена аккумулятора","укажите цену"
"","","Замена корпуса","укажите цену"
"","","Замена разъема зарядки","укажите цену"
"","","Чистка после попадания влаги","укажите цену"
"","ZTE Blade A7","Замена экрана","укажите цену"
"","","Замена аккумулятора","укажите цену"
"","","Замена корпуса","укажите цену"
"","","Замена разъема зарядки","укажите цену"
"","","Чистка после попадания влаги","укажите цену"
"","ZTE Blade 20 Smart","Замена экрана","укажите цену"
"","","Замена аккумулятора","укажите цену"
"","","Замена корпуса","укажите цену"
"","","Замена разъема зарядки","укажите цену"
"","","Чистка после попадания влаги","укажите цену"
"","ZTE Blade A5","Замена экрана","укажите цену"
"","","Замена аккумулятора","укажите цену"
"","","Замена корпуса","укажите цену"
"","","Замена разъема зарядки","укажите цену"
"","","Чистка после попадания влаги","укажите цену"
"","ZTE Blade A7 (2020)","Замена экрана","укажите цену"
"","","Замена аккумулятора","укажите цену"
"","","Замена корпуса","укажите цену"
"","","Замена разъема зарядки","укажите цену"
"","","Чистка после попадания влаги","укажите цену"
"","ZTE Blade V2020","Замена экрана","укажите цену"
"","","Замена аккумулятора","укажите цену"
"","","Замена корпуса","укажите цену"
"","","Замена разъема зарядки","укажите цену"
"","","Чистка после попадания влаги","укажите цену"
"","ZTE Axon 30","Замена экрана","укажите цену"
"","","Замена аккумулятора","укажите цену"
"","","Замена корпуса","укажите цену"
"","","Замена разъема зарядки","укажите цену"
"","","Чистка после попадания влаги","укажите цену"
"","ZTE Blade X3","Замена экрана","укажите цену"
"","","Замена аккумулятора","укажите цену"
"","","Замена корпуса","укажите цену"
"","","Замена разъема зарядки","укажите цену"
"","","Чистка после попадания влаги","укажите цену"
"","ZTE Blade A5 2020","Замена экрана","укажите цену"
"","","Замена аккумулятора","укажите цену"
"","","Замена корпуса","укажите цену"
"","","Замена разъема зарядки","укажите цену"
"","","Чистка после попадания влаги","укажите цену"
"","ZTE Blade V10 Vita","Замена экрана","укажите цену"
"","","Замена аккумулятора","укажите цену"
"","","Замена корпуса","укажите цену"
"","","Замена разъема зарядки","укажите цену"
"","","Чистка после попадания влаги","укажите цену"
"","ZTE Blade V10","Замена экрана","укажите цену"
"","","Замена аккумулятора","укажите цену"
"","","Замена корпуса","укажите цену"
"","","Замена разъема зарядки","укажите цену"
"","","Чистка после попадания влаги","укажите цену"
"Playstation","Playstation 3","Замена экрана","укажите цену"
"","","Замена аккумулятора","укажите цену"
"","","Замена корпуса","укажите цену"
"","","Замена разъема зарядки","укажите цену"
"","","Чистка после попадания влаги","укажите цену"
"","Playstation 4","Замена экрана","укажите цену"
"","","Замена аккумулятора","укажите цену"
"","","Замена корпуса","укажите цену"
"","","Замена разъема зарядки","укажите цену"
"","","Чистка после попадания влаги","укажите цену"
"","Playstation 5","Замена экрана","укажите цену"
"","","Замена аккумулятора","укажите цену"
"","","Замена корпуса","укажите цену"
"","","Замена разъема зарядки","укажите цену"
"","","Чистка после попадания влаги","укажите цену"
"Xbox","Xbox 360","Замена экрана","укажите цену"
"","","Замена аккумулятора","укажите цену"
"","","Замена корпуса","укажите цену"
"","","Замена разъема зарядки","укажите цену"
"","","Чистка после попадания влаги","укажите цену"
"","Xbox One","Замена экрана","укажите цену"
"","","Замена аккумулятора","укажите цену"
"","","Замена корпуса","укажите цену"
"","","Замена разъема зарядки","укажите цену"
"","","Чистка после попадания влаги","укажите цену"
"","Xbox One S","Замена экрана","укажите цену"
"","","Замена аккумулятора","укажите цену"
"","","Замена корпуса","укажите цену"
"","","Замена разъема зарядки","укажите цену"
"","","Чистка после попадания влаги","укажите цену"
"","Xbox One X","Замена экрана","укажите цену"
"","","Замена аккумулятора","укажите цену"
"","","Замена корпуса","укажите цену"
"","","Замена разъема зарядки","укажите цену"
"","","Чистка после попадания влаги","укажите цену"
"Sega","Sega Game Gear","Замена экрана","укажите цену"
"","","Замена аккумулятора","укажите цену"
"","","Замена корпуса","укажите цену"
"","","Замена разъема зарядки","укажите цену"
"","","Чистка после попадания влаги","укажите цену"
"","Sega Saturn","Замена экрана","укажите цену"
"","","Замена аккумулятора","укажите цену"
"","","Замена корпуса","укажите цену"
"","","Замена разъема зарядки","укажите цену"
"","","Чистка после попадания влаги","укажите цену"
"","Sega Dreamcast","Замена экрана","укажите цену"
"","","Замена аккумулятора","укажите цену"
"","","Замена корпуса","укажите цену"
"","","Замена разъема зарядки","укажите цену"
"","","Чистка после попадания влаги","укажите цену"
"","Sega Mega Drive","Замена экрана","укажите цену"
"","","Замена аккумулятора","укажите цену"
"","","Замена корпуса","укажите цену"
"","","Замена разъема зарядки","укажите цену"
"","","Чистка после попадания влаги","укажите цену"
"Dendy","Dendy Classic II","Замена экрана","укажите цену"
"","","Замена аккумулятора","укажите цену"
"","","Замена корпуса","укажите цену"
"","","Замена разъема зарядки","укажите цену"
"","","Чистка после попадания влаги","укажите цену"
"","Dendy Junior II","Замена экрана","укажите цену"
"","","Замена аккумулятора","укажите цену"
"","","Замена корпуса","укажите цену"
"","","Замена разъема зарядки","укажите цену"
"","","Чистка после попадания влаги","укажите цену"
"","Dendy Junior","Замена экрана","укажите цену"
"","","Замена аккумулятора","укажите цену"
"","","Замена корпуса","укажите цену"
"","","Замена разъема зарядки","укажите цену"
"","","Чистка после попадания влаги","укажите цену"
"","Dendy Classic","Замена экрана","укажите цену"
"","","Замена аккумулятора","укажите цену"
"","","Замена корпуса","укажите цену"
"","","Замена разъема зарядки","укажите цену"
"","","Чистка после попадания влаги","укажите цену"
"Nintendo","Nintendo 64","Замена экрана","укажите цену"
"","","Замена аккумулятора","укажите цену"
"","","Замена корпуса","укажите цену"
"","","Замена разъема зарядки","укажите цену"
"","","Чистка после попадания влаги","укажите цену"
"","Nintendo NES","Замена экрана","укажите цену"
"","","Замена аккумулятора","укажите цену"
"","","Замена корпуса","укажите цену"
"","","Замена разъема зарядки","укажите цену"
"","","Чистка после попадания влаги","укажите цену"
"","Nintendo Switch","Замена экрана","укажите цену"
"","","Замена аккумулятора","укажите цену"
"","","Замена корпуса","укажите цену"
"","","Замена разъема зарядки","укажите цену"
"","","Чистка после попадания влаги","укажите цену"
"","Nintendo Game Boy","Замена экрана","укажите цену"
"","","Замена аккумулятора","укажите цену"
"","","Замена корпуса","укажите цену"
"","","Замена разъема зарядки","укажите цену"
"","","Чистка после попадания влаги","укажите цену"
"Беспроводные наушники","Беспроводные наушники AirPods","Замена экрана","укажите цену"
"","","Замена аккумулятора","укажите цену"
"","","Замена корпуса","укажите цену"
"","","Замена разъема зарядки","укажите цену"
"","","Чистка после попадания влаги","укажите цену"
"","Беспроводные наушники Audio-Technica","Замена экрана","укажите цену"
"","","Замена аккумулятора","укажите цену"
"","","Замена корпуса","укажите цену"
"","","Замена разъема зарядки","укажите цену"
"","","Чистка после попадания влаги","укажите цену"
"","Беспроводные наушники Bose","Замена экрана","укажите цену"
"","","Замена аккумулятора","укажите цену"
"","","Замена корпуса","укажите цену"
"","","Замена разъема зарядки","укажите цену"
"","","Чистка после попадания влаги","укажите цену"
"","Беспроводные наушники HarmanKardon","Замена экрана","укажите цену"
"","","Замена аккумулятора","укажите цену"
"","","Замена корпуса","укажите цену"
"","","Замена разъема зарядки","укажите цену"
"","","Чистка после попадания влаги","укажите цену"
"","Беспроводные наушники JBL","Замена экрана","укажите цену"
"","","Замена аккумулятора","укажите цену"
"","","Замена корпуса","укажите цену"
"","","Замена разъема зарядки","укажите цену"
"","","Чистка после попадания влаги","укажите цену"
"","Беспроводные наушники Marshall","Замена экрана","укажите цену"
"","","Замена аккумулятора","укажите цену"
"","","Замена корпуса","укажите цену"
"","","Замена разъема зарядки","укажите цену"
"","","Чистка после попадания влаги","укажите цену"
"","Беспроводные наушники Onkyo","Замена экрана","укажите цену"
"","","Замена аккумулятора","укажите цену"
"","","Замена корпуса","укажите цену"
"","","Замена разъема зарядки","укажите цену"
"","","Чистка после попадания влаги","укажите цену"
"","Беспроводные наушники Philips","Замена экрана","укажите цену"
"","","Замена аккумулятора","укажите цену"
"","","Замена корпуса","укажите цену"
"","","Замена разъема зарядки","укажите цену"
"","","Чистка после попадания влаги","укажите цену"
"","Беспроводные наушники Pioneer","Замена экрана","укажите цену"
"","","Замена аккумулятора","укажите цену"
"","","Замена корпуса","укажите цену"
"","","Замена разъема зарядки","укажите цену"
"","","Чистка после попадания влаги","укажите цену"
"","Беспроводные наушники Samsung","Замена экрана","укажите цену"
"","","Замена аккумулятора","укажите цену"
"","","Замена корпуса","укажите цену"
"","","Замена разъема зарядки","укажите цену"
"","","Чистка после попадания влаги","укажите цену"
"","Беспроводные наушники Sennheiser","Замена экрана","укажите цену"
"","","Замена аккумулятора","укажите цену"
"","","Замена корпуса","укажите цену"
"","","Замена разъема зарядки","укажите цену"
"","","Чистка после попадания влаги","укажите цену"
"","Беспроводные наушники Sony","Замена экрана","укажите цену"
"","","Замена аккумулятора","укажите цену"
"","","Замена корпуса","укажите цену"
"","","Замена разъема зарядки","укажите цену"
"","","Чистка после попадания влаги","укажите цену"
"Джойстики","Джойстики Xbox","Замена экрана","укажите цену"
"","","Замена аккумулятора","укажите цену"
"","","Замена корпуса","укажите цену"
"","","Замена разъема зарядки","укажите цену"
"","","Чистка после попадания влаги","укажите цену"
"","Джойстики Playstation","Замена экрана","укажите цену"
"","","Замена аккумулятора","укажите цену"
"","","Замена корпуса","укажите цену"
"","","Замена разъема зарядки","укажите цену"
"","","Чистка после попадания влаги","укажите цену"
"Портативные колонки","Портативные колонки Philips","Замена экрана","укажите цену"
"","","Замена аккумулятора","укажите цену"
"","","Замена корпуса","укажите цену"
"","","Замена разъема зарядки","укажите цену"
"","","Чистка после попадания влаги","укажите цену"
"","Портативные колонки Microlab","Замена экрана","укажите цену"
"","","Замена аккумулятора","укажите цену"
"","","Замена корпуса","укажите цену"
"","","Замена разъема зарядки","укажите цену"
"","","Чистка после попадания влаги","укажите цену"
"","Портативные колонки Huawei","Замена экрана","укажите цену"
"","","Замена аккумулятора","укажите цену"
"","","Замена корпуса","укажите цену"
"","","Замена разъема зарядки","укажите цену"
"","","Чистка после попадания влаги","укажите цену"
"","Портативные колонки LG","Замена экрана","укажите цену"
"","","Замена аккумулятора","укажите цену"
"","","Замена корпуса","укажите цену"
"","","Замена разъема зарядки","укажите цену"
"","","Чистка после попадания влаги","укажите цену"
"","Портативные колонки JBL","Замена экрана","укажите цену"
"","","Замена аккумулятора","укажите цену"
"","","Замена корпуса","укажите цену"
"","","Замена разъема зарядки","укажите цену"
"","","Чистка после попадания влаги","укажите цену"
"","Портативные колонки Mystery","Замена экрана","укажите цену"
"","","Замена аккумулятора","укажите цену"
"","","Замена корпуса","укажите цену"
"","","Замена разъема зарядки","укажите цену"
"","","Чистка после попадания влаги","укажите цену"
"","Портативные колонки Sony","Замена экрана","укажите цену"
"","","Замена аккумулятора","укажите цену"
"","","Замена корпуса","укажите цену"
"","","Замена разъема зарядки","укажите цену"
"","","Чистка после попадания влаги","укажите цену"
"","Портативные колонки Digma","Замена экрана","укажите цену"
"","","Замена аккумулятора","укажите цену"
"","","Замена корпуса","укажите цену"
"","","Замена разъема зарядки","укажите цену"
"","","Чистка после попадания влаги","укажите цену"
"","Портативные колонки Xiaomi","Замена экрана","укажите цену"
"","","Замена аккумулятора","укажите цену"
"","","Замена корпуса","укажите цену"
"","","Замена разъема зарядки","укажите цену"
"","","Чистка после попадания влаги","укажите цену"
"","Портативные колонки Яндекс Станция","Замена экрана","укажите цену"
"","","Замена аккумулятора","укажите цену"
"","","Замена корпуса","укажите цену"
"","","Замена разъема зарядки","укажите цену"
"","","Чистка после попадания влаги","укажите цену"
"","Портативные колонки Marshall","Замена экрана","укажите цену"
"","","Замена аккумулятора","укажите цену"
"","","Замена корпуса","укажите цену"
"","","Замена разъема зарядки","укажите цену"
"","","Чистка после попадания влаги","укажите цену"
"Роботы-пылесосы","Роботы-пылесосы Bosch","Замена экрана","укажите цену"
"","","Замена аккумулятора","укажите цену"
"","","Замена корпуса","укажите цену"
"","","Замена разъема зарядки","укажите цену"
"","","Чистка после попадания влаги","укажите цену"
"","Роботы-пылесосы Midea","Замена экрана","укажите цену"
"","","Замена аккумулятора","укажите цену"
"","","Замена корпуса","укажите цену"
"","","Замена разъема зарядки","укажите цену"
"","","Чистка после попадания влаги","укажите цену"
"","Роботы-пылесосы Redmond","Замена экрана","укажите цену"
"","","Замена аккумулятора","укажите цену"
"","","Замена корпуса","укажите цену"
"","","Замена разъема зарядки","укажите цену"
"","","Чистка после попадания влаги","укажите цену"
"","Роботы-пылесосы Xiaomi","Замена экрана","укажите цену"
"","","Замена аккумулятора","укажите цену"
"","","Замена корпуса","укажите цену"
"","","Замена разъема зарядки","укажите цену"
"","","Чистка после попадания влаги","укажите цену"
"","Роботы-пылесосы Kitfort","Замена экрана","укажите цену"
"","","Замена аккумулятора","укажите цену"
"","","Замена корпуса","укажите цену"
"","","Замена разъема зарядки","укажите цену"
"","","Чистка после попадания влаги","укажите цену"
"","Роботы-пылесосы Samsung","Замена экрана","укажите цену"
"","","Замена аккумулятора","укажите цену"
"","","Замена корпуса","укажите цену"
"","","Замена разъема зарядки","укажите цену"
"","","Чистка после попадания влаги","укажите цену"
"","Роботы-пылесосы iLife","Замена экрана","укажите цену"
"","","Замена аккумулятора","укажите цену"
"","","Замена корпуса","укажите цену"
"","","Замена разъема зарядки","укажите цену"
"","","Чистка после попадания влаги","укажите цену"
"","Роботы-пылесосы Honor","Замена экрана","укажите цену"
"","","Замена аккумулятора","укажите цену"
"","","Замена корпуса","укажите цену"
"","","Замена разъема зарядки","укажите цену"
"","","Чистка после попадания влаги","укажите цену"
"","Роботы-пылесосы Roborock","Замена экрана","укажите цену"
"","","Замена аккумулятора","укажите цену"
"","","Замена корпуса","укажите цену"
"","","Замена разъема зарядки","укажите цену"
"","","Чистка после попадания влаги","укажите цену"
"","Роботы-пылесосы Dreame","Замена экрана","укажите цену"
"","","Замена аккумулятора","укажите цену"
"","","Замена корпуса","укажите цену"
"","","Замена разъема зарядки","укажите цену"
"","","Чистка после попадания влаги","укажите цену"
"","Роботы-пылесосы iRobot","Замена экрана","укажите цену"
"","","Замена аккумулятора","укажите цену"
"","","Замена корпуса","укажите цену"
"","","Замена разъема зарядки","укажите цену"
"","","Чистка после попадания влаги","укажите цену"
"","Роботы-пылесосы Tefal","Замена экрана","укажите цену"
"","","Замена аккумулятора","укажите цену"
"","","Замена корпуса","укажите цену"
"","","Замена разъема зарядки","укажите цену"
"","","Чистка после попадания влаги","укажите цену"
"","Роботы-пылесосы Thamtu","Замена экрана","укажите цену"
"","","Замена аккумулятора","укажите цену"
"","","Замена корпуса","укажите цену"
"","","Замена разъема зарядки","укажите цену"
"","","Чистка после попадания влаги","укажите цену"
